Config_ID,Freq_spacing,Nband,FRMSZ_ms,OVLP,Floor,Noisefr,DNSMOS_mos_ovr,PESQ,STOI,SI_SDR
mband_linear_N16_F20_O25_FL0p5,linear,16,20,25,0.5,1,3.5784,1.4533,0.7466,8.0552
mband_linear_N16_F20_O25_FL0p7,linear,16,20,25,0.7,1,3.2679,1.5023,0.7475,8.2928
mband_linear_N16_F20_O25_FL0p8,linear,16,20,25,0.8,1,2.918,1.4266,0.7529,8.3214
mband_linear_N16_F20_O50_FL0p5,linear,16,20,50,0.5,1,3.3591,1.5128,0.738,8.4162
mband_linear_N16_F20_O50_FL0p7,linear,16,20,50,0.7,1,3.4803,1.5509,0.7416,9.3085
mband_linear_N16_F20_O50_FL0p8,linear,16,20,50,0.8,1,3.0389,1.4956,0.7516,9.2634
mband_linear_N16_F20_O75_FL0p5,linear,16,20,75,0.5,1,2.9811,1.542,0.7354,9.6937
mband_linear_N16_F20_O75_FL0p7,linear,16,20,75,0.7,1,2.8996,1.5334,0.7547,9.1585
mband_linear_N16_F20_O75_FL0p8,linear,16,20,75,0.8,1,2.4931,1.4659,0.7397,9.4409
mband_linear_N16_F25_O25_FL0p5,linear,16,25,25,0.5,1,3.0875,1.4974,0.7418,7.4857
mband_linear_N16_F25_O25_FL0p7,linear,16,25,25,0.7,1,3.5115,1.3961,0.741,7.4886
mband_linear_N16_F25_O25_FL0p8,linear,16,25,25,0.8,1,3.3683,1.3577,0.737,7.1855
mband_linear_N16_F25_O50_FL0p5,linear,16,25,50,0.5,1,3.3331,1.5077,0.736,8.7979
mband_linear_N16_F25_O50_FL0p7,linear,16,25,50,0.7,1,3.1322,1.4828,0.7351,9.0578
mband_linear_N16_F25_O50_FL0p8,linear,16,25,50,0.8,1,3.3729,1.4703,0.7479,8.7704
mband_linear_N16_F25_O75_FL0p5,linear,16,25,75,0.5,1,2.9812,1.4748,0.7369,9.1312
mband_linear_N16_F25_O75_FL0p7,linear,16,25,75,0.7,1,3.1163,1.5333,0.7387,9.3873
mband_linear_N16_F25_O75_FL0p8,linear,16,25,75,0.8,1,2.956,1.4911,0.7652,9.0428
mband_linear_N16_F8_O25_FL0p5,linear,16,8,25,0.5,1,3.0782,1.4233,0.745,8.6777
mband_linear_N16_F8_O25_FL0p7,linear,16,8,25,0.7,1,2.7997,1.4567,0.7281,8.8115
mband_linear_N16_F8_O25_FL0p8,linear,16,8,25,0.8,1,2.5533,1.3849,0.7542,8.5529
mband_linear_N16_F8_O50_FL0p5,linear,16,8,50,0.5,1,3.1969,1.4716,0.7385,8.9925
mband_linear_N16_F8_O50_FL0p7,linear,16,8,50,0.7,1,3.1982,1.4626,0.7318,9.0728
mband_linear_N16_F8_O50_FL0p8,linear,16,8,50,0.8,1,2.9719,1.4393,0.7265,9.1695
mband_linear_N16_F8_O75_FL0p5,linear,16,8,75,0.5,1,2.8145,1.4843,0.737,8.984
mband_linear_N16_F8_O75_FL0p7,linear,16,8,75,0.7,1,2.8346,1.5394,0.7572,9.5741
mband_linear_N16_F8_O75_FL0p8,linear,16,8,75,0.8,1,2.8351,1.4269,0.7354,9.2134
mband_linear_N4_F20_O25_FL0p5,linear,4,20,25,0.5,1,3.0894,1.4058,0.7368,7.9159
mband_linear_N4_F20_O25_FL0p7,linear,4,20,25,0.7,1,3.3507,1.4241,0.742,8.2072
mband_linear_N4_F20_O25_FL0p8,linear,4,20,25,0.8,1,3.3875,1.4497,0.7527,8.3354
mband_linear_N4_F20_O50_FL0p5,linear,4,20,50,0.5,1,3.3736,1.5207,0.7315,9.0269
mband_linear_N4_F20_O50_FL0p7,linear,4,20,50,0.7,1,3.4005,1.5291,0.7474,9.0229
mband_linear_N4_F20_O50_FL0p8,linear,4,20,50,0.8,1,3.0833,1.4397,0.756,9.233
mband_linear_N4_F20_O75_FL0p5,linear,4,20,75,0.5,1,2.8297,1.462,0.7338,9.0988
mband_linear_N4_F20_O75_FL0p7,linear,4,20,75,0.7,1,3.0001,1.4676,0.7578,9.3207
mband_linear_N4_F20_O75_FL0p8,linear,4,20,75,0.8,1,2.7777,1.5051,0.7361,9.2396
mband_linear_N4_F25_O25_FL0p5,linear,4,25,25,0.5,1,3.2387,1.4631,0.7342,7.1081
mband_linear_N4_F25_O25_FL0p7,linear,4,25,25,0.7,1,3.2542,1.4566,0.7262,7.808
mband_linear_N4_F25_O25_FL0p8,linear,4,25,25,0.8,1,3.4934,1.4146,0.7395,7.3454
mband_linear_N4_F25_O50_FL0p5,linear,4,25,50,0.5,1,2.8101,1.4345,0.726,8.5848
mband_linear_N4_F25_O50_FL0p7,linear,4,25,50,0.7,1,3.4415,1.5257,0.7432,8.5796
mband_linear_N4_F25_O50_FL0p8,linear,4,25,50,0.8,1,3.1202,1.4911,0.7391,8.8803
mband_linear_N4_F25_O75_FL0p5,linear,4,25,75,0.5,1,2.9881,1.57,0.7484,9.3051
mband_linear_N4_F25_O75_FL0p7,linear,4,25,75,0.7,1,2.9303,1.5128,0.7557,9.1605
mband_linear_N4_F25_O75_FL0p8,linear,4,25,75,0.8,1,2.7727,1.4078,0.7604,8.7369
mband_linear_N4_F8_O25_FL0p5,linear,4,8,25,0.5,1,2.9062,1.4321,0.7469,9.148
mband_linear_N4_F8_O25_FL0p7,linear,4,8,25,0.7,1,3.1227,1.4832,0.763,8.7975
mband_linear_N4_F8_O25_FL0p8,linear,4,8,25,0.8,1,2.8031,1.378,0.7539,8.5645
mband_linear_N4_F8_O50_FL0p5,linear,4,8,50,0.5,1,3.0152,1.5356,0.748,8.7146
mband_linear_N4_F8_O50_FL0p7,linear,4,8,50,0.7,1,2.9505,1.4945,0.7422,9.2179
mband_linear_N4_F8_O50_FL0p8,linear,4,8,50,0.8,1,3.1685,1.418,0.7379,9.7258
mband_linear_N4_F8_O75_FL0p5,linear,4,8,75,0.5,1,2.8205,1.5436,0.7432,8.7807
mband_linear_N4_F8_O75_FL0p7,linear,4,8,75,0.7,1,2.8927,1.5331,0.753,9.342
mband_linear_N4_F8_O75_FL0p8,linear,4,8,75,0.8,1,2.9852,1.4298,0.7352,9.2445
mband_linear_N8_F20_O25_FL0p5,linear,8,20,25,0.5,1,3.5468,1.4514,0.7089,7.8705
mband_linear_N8_F20_O25_FL0p7,linear,8,20,25,0.7,1,3.1559,1.4311,0.7426,7.725
mband_linear_N8_F20_O25_FL0p8,linear,8,20,25,0.8,1,3.4907,1.4197,0.7559,7.7621
mband_linear_N8_F20_O50_FL0p5,linear,8,20,50,0.5,1,3.4636,1.4606,0.7385,9.2303
mband_linear_N8_F20_O50_FL0p7,linear,8,20,50,0.7,1,3.2399,1.4294,0.7383,8.4303
mband_linear_N8_F20_O50_FL0p8,linear,8,20,50,0.8,1,3.2551,1.4875,0.7317,8.7376
mband_linear_N8_F20_O75_FL0p5,linear,8,20,75,0.5,1,3.1398,1.5807,0.7593,9.6782
mband_linear_N8_F20_O75_FL0p7,linear,8,20,75,0.7,1,3.0515,1.4136,0.7408,8.7262
mband_linear_N8_F20_O75_FL0p8,linear,8,20,75,0.8,1,2.6709,1.4611,0.7414,9.0059
mband_linear_N8_F25_O25_FL0p5,linear,8,25,25,0.5,1,2.8729,1.4431,0.7382,7.4763
mband_linear_N8_F25_O25_FL0p7,linear,8,25,25,0.7,1,3.2839,1.361,0.721,7.2772
mband_linear_N8_F25_O25_FL0p8,linear,8,25,25,0.8,1,3.2282,1.4381,0.7565,7.5569
mband_linear_N8_F25_O50_FL0p5,linear,8,25,50,0.5,1,3.2376,1.4565,0.7245,8.7167
mband_linear_N8_F25_O50_FL0p7,linear,8,25,50,0.7,1,3.2657,1.4588,0.7203,8.7148
mband_linear_N8_F25_O50_FL0p8,linear,8,25,50,0.8,1,3.2261,1.4685,0.7255,8.7568
mband_linear_N8_F25_O75_FL0p5,linear,8,25,75,0.5,1,2.9639,1.5048,0.7353,8.5531
mband_linear_N8_F25_O75_FL0p7,linear,8,25,75,0.7,1,3.2929,1.4801,0.7422,9.3814
mband_linear_N8_F25_O75_FL0p8,linear,8,25,75,0.8,1,3.0435,1.4056,0.7277,9.0977
mband_linear_N8_F8_O25_FL0p5,linear,8,8,25,0.5,1,3.0385,1.5068,0.7438,8.9911
mband_linear_N8_F8_O25_FL0p7,linear,8,8,25,0.7,1,2.9151,1.3603,0.7463,8.2128
mband_linear_N8_F8_O25_FL0p8,linear,8,8,25,0.8,1,2.9874,1.3837,0.7436,8.4907
mband_linear_N8_F8_O50_FL0p5,linear,8,8,50,0.5,1,2.7759,1.4535,0.7327,9.0138
mband_linear_N8_F8_O50_FL0p7,linear,8,8,50,0.7,1,2.6824,1.4551,0.7344,9.355
mband_linear_N8_F8_O50_FL0p8,linear,8,8,50,0.8,1,2.9453,1.3599,0.753,8.1516
mband_linear_N8_F8_O75_FL0p5,linear,8,8,75,0.5,1,3.0188,1.438,0.7614,9.2019
mband_linear_N8_F8_O75_FL0p7,linear,8,8,75,0.7,1,2.603,1.4644,0.7732,9.2057
mband_linear_N8_F8_O75_FL0p8,linear,8,8,75,0.8,1,3.0489,1.522,0.7416,9.4495
mband_log_N16_F20_O25_FL0p5,log,16,20,25,0.5,1,3.2622,1.537,0.7415,7.4804
mband_log_N16_F20_O25_FL0p7,log,16,20,25,0.7,1,3.3945,1.5133,0.7476,8.0732
mband_log_N16_F20_O25_FL0p8,log,16,20,25,0.8,1,3.5776,1.4599,0.7474,8.2483
mband_log_N16_F20_O50_FL0p5,log,16,20,50,0.5,1,3.3579,1.4372,0.7352,8.8085
mband_log_N16_F20_O50_FL0p7,log,16,20,50,0.7,1,3.2297,1.4969,0.7375,9.2662
mband_log_N16_F20_O50_FL0p8,log,16,20,50,0.8,1,3.1525,1.4884,0.7324,8.6799
mband_log_N16_F20_O75_FL0p5,log,16,20,75,0.5,1,2.9029,1.5602,0.7647,9.2236
mband_log_N16_F20_O75_FL0p7,log,16,20,75,0.7,1,2.9116,1.5208,0.7477,9.3094
mband_log_N16_F20_O75_FL0p8,log,16,20,75,0.8,1,2.6533,1.3942,0.7591,8.6334
mband_log_N16_F25_O25_FL0p5,log,16,25,25,0.5,1,3.3512,1.4932,0.7191,7.3732
mband_log_N16_F25_O25_FL0p7,log,16,25,25,0.7,1,3.4289,1.3391,0.7512,7.2946
mband_log_N16_F25_O25_FL0p8,log,16,25,25,0.8,1,3.2337,1.392,0.7412,7.5416
mband_log_N16_F25_O50_FL0p5,log,16,25,50,0.5,1,3.3534,1.5207,0.753,8.4972
mband_log_N16_F25_O50_FL0p7,log,16,25,50,0.7,1,3.0813,1.4227,0.7475,8.3656
mband_log_N16_F25_O50_FL0p8,log,16,25,50,0.8,1,3.3829,1.4856,0.7409,9.0802
mband_log_N16_F25_O75_FL0p5,log,16,25,75,0.5,1,3.2663,1.5396,0.7282,9.0716
mband_log_N16_F25_O75_FL0p7,log,16,25,75,0.7,1,2.9828,1.5685,0.7497,8.9828
mband_log_N16_F25_O75_FL0p8,log,16,25,75,0.8,1,2.9756,1.458,0.749,9.5167
mband_log_N16_F8_O25_FL0p5,log,16,8,25,0.5,1,2.8971,1.4271,0.7539,8.4373
mband_log_N16_F8_O25_FL0p7,log,16,8,25,0.7,1,2.6536,1.4054,0.7495,8.6742
mband_log_N16_F8_O25_FL0p8,log,16,8,25,0.8,1,3.0413,1.4393,0.7568,8.8981
mband_log_N16_F8_O50_FL0p5,log,16,8,50,0.5,1,2.9497,1.417,0.7433,9.052
mband_log_N16_F8_O50_FL0p7,log,16,8,50,0.7,1,3.0263,1.484,0.7381,8.9811
mband_log_N16_F8_O50_FL0p8,log,16,8,50,0.8,1,3.2944,1.4529,0.7449,9.4207
mband_log_N16_F8_O75_FL0p5,log,16,8,75,0.5,1,2.8849,1.4683,0.7709,8.7631
mband_log_N16_F8_O75_FL0p7,log,16,8,75,0.7,1,2.74,1.4721,0.7443,9.3802
mband_log_N16_F8_O75_FL0p8,log,16,8,75,0.8,1,2.7475,1.59,0.7363,9.498
mband_log_N4_F20_O25_FL0p5,log,4,20,25,0.5,1,3.3509,1.5047,0.7368,8.2212
mband_log_N4_F20_O25_FL0p7,log,4,20,25,0.7,1,3.4357,1.4809,0.7324,7.8466
mband_log_N4_F20_O25_FL0p8,log,4,20,25,0.8,1,3.3385,1.4026,0.7166,7.7314
mband_log_N4_F20_O50_FL0p5,log,4,20,50,0.5,1,3.384,1.5267,0.7535,9.0757
mband_log_N4_F20_O50_FL0p7,log,4,20,50,0.7,1,3.2371,1.4725,0.7526,8.9284
mband_log_N4_F20_O50_FL0p8,log,4,20,50,0.8,1,3.1655,1.4001,0.7359,8.606
mband_log_N4_F20_O75_FL0p5,log,4,20,75,0.5,1,2.6047,1.5144,0.7524,8.8825
mband_log_N4_F20_O75_FL0p7,log,4,20,75,0.7,1,3.0427,1.5797,0.7522,9.9195
mband_log_N4_F20_O75_FL0p8,log,4,20,75,0.8,1,2.6681,1.5425,0.7483,9.1405
mband_log_N4_F25_O25_FL0p5,log,4,25,25,0.5,1,3.2775,1.4238,0.7196,7.2842
mband_log_N4_F25_O25_FL0p7,log,4,25,25,0.7,1,3.6215,1.4477,0.7249,7.7833
mband_log_N4_F25_O25_FL0p8,log,4,25,25,0.8,1,3.491,1.4188,0.7265,7.4275
mband_log_N4_F25_O50_FL0p5,log,4,25,50,0.5,1,3.3698,1.495,0.7373,8.7611
mband_log_N4_F25_O50_FL0p7,log,4,25,50,0.7,1,3.1067,1.4981,0.7339,8.0993
mband_log_N4_F25_O50_FL0p8,log,4,25,50,0.8,1,3.0339,1.4932,0.738,8.6893
mband_log_N4_F25_O75_FL0p5,log,4,25,75,0.5,1,2.9937,1.5182,0.7548,9.4078
mband_log_N4_F25_O75_FL0p7,log,4,25,75,0.7,1,2.9106,1.4292,0.725,8.8396
mband_log_N4_F25_O75_FL0p8,log,4,25,75,0.8,1,2.9976,1.4805,0.7256,9.3057
mband_log_N4_F8_O25_FL0p5,log,4,8,25,0.5,1,2.9306,1.4475,0.7361,8.3816
mband_log_N4_F8_O25_FL0p7,log,4,8,25,0.7,1,2.7544,1.4546,0.7477,9.1973
mband_log_N4_F8_O25_FL0p8,log,4,8,25,0.8,1,3.2059,1.4016,0.7452,8.8186
mband_log_N4_F8_O50_FL0p5,log,4,8,50,0.5,1,2.7723,1.4578,0.7458,8.2327
mband_log_N4_F8_O50_FL0p7,log,4,8,50,0.7,1,2.8985,1.4121,0.7333,8.2746
mband_log_N4_F8_O50_FL0p8,log,4,8,50,0.8,1,3.0525,1.4649,0.7415,9.6394
mband_log_N4_F8_O75_FL0p5,log,4,8,75,0.5,1,2.5633,1.4748,0.7587,9.4314
mband_log_N4_F8_O75_FL0p7,log,4,8,75,0.7,1,3.0299,1.461,0.7498,9.4475
mband_log_N4_F8_O75_FL0p8,log,4,8,75,0.8,1,3.1518,1.46,0.7483,8.6896
mband_log_N8_F20_O25_FL0p5,log,8,20,25,0.5,1,3.33,1.4442,0.7457,7.6531
mband_log_N8_F20_O25_FL0p7,log,8,20,25,0.7,1,3.2826,1.4267,0.7401,7.8983
mband_log_N8_F20_O25_FL0p8,log,8,20,25,0.8,1,3.0901,1.4169,0.7276,7.9792
mband_log_N8_F20_O50_FL0p5,log,8,20,50,0.5,1,3.2056,1.5327,0.7379,8.5156
mband_log_N8_F20_O50_FL0p7,log,8,20,50,0.7,1,3.3564,1.5087,0.743,9.1121
mband_log_N8_F20_O50_FL0p8,log,8,20,50,0.8,1,3.2352,1.4218,0.7417,8.9812
mband_log_N8_F20_O75_FL0p5,log,8,20,75,0.5,1,3.0137,1.5246,0.7369,9.1304
mband_log_N8_F20_O75_FL0p7,log,8,20,75,0.7,1,3.0708,1.4312,0.7418,8.9067
mband_log_N8_F20_O75_FL0p8,log,8,20,75,0.8,1,2.7745,1.443,0.7311,9.0981
mband_log_N8_F25_O25_FL0p5,log,8,25,25,0.5,1,3.3934,1.4108,0.7176,7.1775
mband_log_N8_F25_O25_FL0p7,log,8,25,25,0.7,1,3.4013,1.4596,0.746,7.821
mband_log_N8_F25_O25_FL0p8,log,8,25,25,0.8,1,3.2908,1.3924,0.7356,7.4816
mband_log_N8_F25_O50_FL0p5,log,8,25,50,0.5,1,3.4168,1.4711,0.7615,8.4973
mband_log_N8_F25_O50_FL0p7,log,8,25,50,0.7,1,3.6362,1.429,0.7485,8.5728
mband_log_N8_F25_O50_FL0p8,log,8,25,50,0.8,1,2.9678,1.5621,0.7574,8.6604
mband_log_N8_F25_O75_FL0p5,log,8,25,75,0.5,1,3.0096,1.3525,0.7379,8.6076
mband_log_N8_F25_O75_FL0p7,log,8,25,75,0.7,1,3.1074,1.4981,0.74,9.4571
mband_log_N8_F25_O75_FL0p8,log,8,25,75,0.8,1,3.0444,1.4281,0.7483,9.1921
mband_log_N8_F8_O25_FL0p5,log,8,8,25,0.5,1,3.1229,1.5557,0.7449,8.7315
mband_log_N8_F8_O25_FL0p7,log,8,8,25,0.7,1,2.8911,1.4866,0.7477,8.8883
mband_log_N8_F8_O25_FL0p8,log,8,8,25,0.8,1,2.7093,1.4046,0.7662,8.487
mband_log_N8_F8_O50_FL0p5,log,8,8,50,0.5,1,2.9753,1.4283,0.7476,8.9852
mband_log_N8_F8_O50_FL0p7,log,8,8,50,0.7,1,3.1183,1.4333,0.7205,8.7656
mband_log_N8_F8_O50_FL0p8,log,8,8,50,0.8,1,3.2237,1.436,0.7493,9.1668
mband_log_N8_F8_O75_FL0p5,log,8,8,75,0.5,1,2.7896,1.4648,0.7448,8.9772
mband_log_N8_F8_O75_FL0p7,log,8,8,75,0.7,1,2.8919,1.4362,0.7518,8.9553
mband_log_N8_F8_O75_FL0p8,log,8,8,75,0.8,1,2.7793,1.406,0.7568,8.905
mband_mel_N16_F20_O25_FL0p5,mel,16,20,25,0.5,1,3.1518,1.5247,0.7417,7.5932
mband_mel_N16_F20_O25_FL0p7,mel,16,20,25,0.7,1,3.2609,1.4479,0.7321,8.057
mband_mel_N16_F20_O25_FL0p8,mel,16,20,25,0.8,1,3.3912,1.4192,0.7473,8.1647
mband_mel_N16_F20_O50_FL0p5,mel,16,20,50,0.5,1,3.2732,1.5057,0.7232,9.0547
mband_mel_N16_F20_O50_FL0p7,mel,16,20,50,0.7,1,3.0835,1.5883,0.7304,8.9803
mband_mel_N16_F20_O50_FL0p8,mel,16,20,50,0.8,1,3.418,1.3928,0.7444,8.9207
mband_mel_N16_F20_O75_FL0p5,mel,16,20,75,0.5,1,3.0148,1.4848,0.7428,9.0884
mband_mel_N16_F20_O75_FL0p7,mel,16,20,75,0.7,1,2.6573,1.4647,0.7395,9.3835
mband_mel_N16_F20_O75_FL0p8,mel,16,20,75,0.8,1,3.1406,1.4537,0.7371,9.4037
mband_mel_N16_F25_O25_FL0p5,mel,16,25,25,0.5,1,3.3126,1.3788,0.7504,7.2159
mband_mel_N16_F25_O25_FL0p7,mel,16,25,25,0.7,1,3.1032,1.4494,0.7576,7.6056
mband_mel_N16_F25_O25_FL0p8,mel,16,25,25,0.8,1,3.3672,1.3217,0.7436,7.2556
mband_mel_N16_F25_O50_FL0p5,mel,16,25,50,0.5,1,3.522,1.5312,0.7369,8.2928
mband_mel_N16_F25_O50_FL0p7,mel,16,25,50,0.7,1,3.2535,1.455,0.7501,8.8048
mband_mel_N16_F25_O50_FL0p8,mel,16,25,50,0.8,1,3.314,1.4037,0.722,8.5045
mband_mel_N16_F25_O75_FL0p5,mel,16,25,75,0.5,1,2.9988,1.4135,0.7581,9.4853
mband_mel_N16_F25_O75_FL0p7,mel,16,25,75,0.7,1,3.3485,1.5331,0.7421,9.3607
mband_mel_N16_F25_O75_FL0p8,mel,16,25,75,0.8,1,2.8681,1.4569,0.7482,9.4196
mband_mel_N16_F8_O25_FL0p5,mel,16,8,25,0.5,1,3.2607,1.4393,0.7335,8.9951
mband_mel_N16_F8_O25_FL0p7,mel,16,8,25,0.7,1,3.1425,1.4703,0.7326,9.0731
mband_mel_N16_F8_O25_FL0p8,mel,16,8,25,0.8,1,3.143,1.4332,0.7433,8.5547
mband_mel_N16_F8_O50_FL0p5,mel,16,8,50,0.5,1,2.9419,1.4424,0.758,8.5871
mband_mel_N16_F8_O50_FL0p7,mel,16,8,50,0.7,1,3.0986,1.4284,0.728,9.0987
mband_mel_N16_F8_O50_FL0p8,mel,16,8,50,0.8,1,3.3856,1.4473,0.7583,9.0993
mband_mel_N16_F8_O75_FL0p5,mel,16,8,75,0.5,1,3.0337,1.4801,0.7467,9.5051
mband_mel_N16_F8_O75_FL0p7,mel,16,8,75,0.7,1,3.0264,1.4242,0.7436,9.0624
mband_mel_N16_F8_O75_FL0p8,mel,16,8,75,0.8,1,2.6995,1.5479,0.7485,9.457
mband_mel_N4_F20_O25_FL0p5,mel,4,20,25,0.5,1,3.1344,1.4462,0.7215,7.6605
mband_mel_N4_F20_O25_FL0p7,mel,4,20,25,0.7,1,3.3235,1.4824,0.7343,7.6086
mband_mel_N4_F20_O25_FL0p8,mel,4,20,25,0.8,1,2.986,1.4338,0.7475,8.0838
mband_mel_N4_F20_O50_FL0p5,mel,4,20,50,0.5,1,3.112,1.4861,0.7338,8.8047
mband_mel_N4_F20_O50_FL0p7,mel,4,20,50,0.7,1,2.9374,1.4993,0.7536,9.2326
mband_mel_N4_F20_O50_FL0p8,mel,4,20,50,0.8,1,3.4554,1.5141,0.7388,8.9055
mband_mel_N4_F20_O75_FL0p5,mel,4,20,75,0.5,1,3.0551,1.5623,0.7555,9.0424
mband_mel_N4_F20_O75_FL0p7,mel,4,20,75,0.7,1,2.8467,1.4592,0.7396,9.3035
mband_mel_N4_F20_O75_FL0p8,mel,4,20,75,0.8,1,2.6225,1.5052,0.7404,9.4921
mband_mel_N4_F25_O25_FL0p5,mel,4,25,25,0.5,1,3.4707,1.4714,0.7183,7.0807
mband_mel_N4_F25_O25_FL0p7,mel,4,25,25,0.7,1,3.1121,1.5052,0.7333,7.4982
mband_mel_N4_F25_O25_FL0p8,mel,4,25,25,0.8,1,3.2136,1.4139,0.744,7.281
mband_mel_N4_F25_O50_FL0p5,mel,4,25,50,0.5,1,3.0089,1.4448,0.7614,8.5596
mband_mel_N4_F25_O50_FL0p7,mel,4,25,50,0.7,1,3.1688,1.4405,0.7324,8.5361
mband_mel_N4_F25_O50_FL0p8,mel,4,25,50,0.8,1,3.282,1.4638,0.7402,9.0137
mband_mel_N4_F25_O75_FL0p5,mel,4,25,75,0.5,1,3.2097,1.4894,0.7414,9.315
mband_mel_N4_F25_O75_FL0p7,mel,4,25,75,0.7,1,2.953,1.4449,0.7307,9.3013
mband_mel_N4_F25_O75_FL0p8,mel,4,25,75,0.8,1,3.3607,1.4934,0.7398,9.0412
mband_mel_N4_F8_O25_FL0p5,mel,4,8,25,0.5,1,2.9342,1.4902,0.7548,8.7754
mband_mel_N4_F8_O25_FL0p7,mel,4,8,25,0.7,1,3.1773,1.454,0.7521,8.904
mband_mel_N4_F8_O25_FL0p8,mel,4,8,25,0.8,1,3.129,1.4275,0.7329,8.6891
mband_mel_N4_F8_O50_FL0p5,mel,4,8,50,0.5,1,2.9099,1.4788,0.7425,8.5557
mband_mel_N4_F8_O50_FL0p7,mel,4,8,50,0.7,1,2.7883,1.4512,0.7377,9.1851
mband_mel_N4_F8_O50_FL0p8,mel,4,8,50,0.8,1,3.3987,1.4635,0.7313,8.9895
mband_mel_N4_F8_O75_FL0p5,mel,4,8,75,0.5,1,2.8354,1.432,0.7402,9.6578
mband_mel_N4_F8_O75_FL0p7,mel,4,8,75,0.7,1,2.9765,1.3879,0.7389,8.8788
mband_mel_N4_F8_O75_FL0p8,mel,4,8,75,0.8,1,3.2334,1.4241,0.7436,9.6277
mband_mel_N8_F20_O25_FL0p5,mel,8,20,25,0.5,1,3.2269,1.4655,0.7513,7.9357
mband_mel_N8_F20_O25_FL0p7,mel,8,20,25,0.7,1,3.1724,1.3497,0.7412,7.7191
mband_mel_N8_F20_O25_FL0p8,mel,8,20,25,0.8,1,3.0113,1.4388,0.7364,7.8465
mband_mel_N8_F20_O50_FL0p5,mel,8,20,50,0.5,1,3.0717,1.5119,0.7501,8.3788
mband_mel_N8_F20_O50_FL0p7,mel,8,20,50,0.7,1,3.2139,1.4403,0.7523,9.1465
mband_mel_N8_F20_O50_FL0p8,mel,8,20,50,0.8,1,3.3336,1.4702,0.7541,8.942
mband_mel_N8_F20_O75_FL0p5,mel,8,20,75,0.5,1,2.993,1.514,0.7254,8.6075
mband_mel_N8_F20_O75_FL0p7,mel,8,20,75,0.7,1,3.0178,1.3962,0.7309,9.2425
mband_mel_N8_F20_O75_FL0p8,mel,8,20,75,0.8,1,3.0138,1.5509,0.7278,9.1369
mband_mel_N8_F25_O25_FL0p5,mel,8,25,25,0.5,1,3.2357,1.4369,0.7343,7.6541
mband_mel_N8_F25_O25_FL0p7,mel,8,25,25,0.7,1,3.3442,1.3948,0.7397,7.526
mband_mel_N8_F25_O25_FL0p8,mel,8,25,25,0.8,1,3.3539,1.356,0.7554,7.2652
mband_mel_N8_F25_O50_FL0p5,mel,8,25,50,0.5,1,3.4913,1.5082,0.7611,8.6403
mband_mel_N8_F25_O50_FL0p7,mel,8,25,50,0.7,1,3.4985,1.5283,0.7319,8.9816
mband_mel_N8_F25_O50_FL0p8,mel,8,25,50,0.8,1,3.4468,1.3987,0.7145,8.3786
mband_mel_N8_F25_O75_FL0p5,mel,8,25,75,0.5,1,3.1883,1.4489,0.7682,9.298
mband_mel_N8_F25_O75_FL0p7,mel,8,25,75,0.7,1,2.8215,1.505,0.7435,9.1901
mband_mel_N8_F25_O75_FL0p8,mel,8,25,75,0.8,1,3.1436,1.4731,0.7387,9.6307
mband_mel_N8_F8_O25_FL0p5,mel,8,8,25,0.5,1,2.984,1.4735,0.7394,8.2657
mband_mel_N8_F8_O25_FL0p7,mel,8,8,25,0.7,1,3.2498,1.4248,0.748,8.7311
mband_mel_N8_F8_O25_FL0p8,mel,8,8,25,0.8,1,3.2782,1.3981,0.7327,8.508
mband_mel_N8_F8_O50_FL0p5,mel,8,8,50,0.5,1,2.6428,1.4546,0.7321,9.0178
mband_mel_N8_F8_O50_FL0p7,mel,8,8,50,0.7,1,2.8697,1.5193,0.7558,9.2825
mband_mel_N8_F8_O50_FL0p8,mel,8,8,50,0.8,1,3.0539,1.3903,0.725,8.9285
mband_mel_N8_F8_O75_FL0p5,mel,8,8,75,0.5,1,2.5847,1.5624,0.7506,9.6162
mband_mel_N8_F8_O75_FL0p7,mel,8,8,75,0.7,1,2.8743,1.4168,0.7452,9.2444
mband_mel_N8_F8_O75_FL0p8,mel,8,8,75,0.8,1,2.5957,1.474,0.7556,9.4084
