clean_file,enhanced_file,sampling_rate,PESQ_Baseline_Noisy,SI_SDR_Baseline_Noisy,STOI_Baseline_Noisy,DNSMOS_p808_mos_Baseline_Noisy,DNSMOS_mos_sig_Baseline_Noisy,DNSMOS_mos_bak_Baseline_Noisy,DNSMOS_mos_ovr_Baseline_Noisy,source_file,enhanced_file_GTCRN_baseline,sampling_rate_GTCRN_baseline,PESQ_GTCRN_baseline,SI_SDR_GTCRN_baseline,STOI_GTCRN_baseline,DNSMOS_p808_mos_GTCRN_baseline,DNSMOS_mos_sig_GTCRN_baseline,DNSMOS_mos_bak_GTCRN_baseline,DNSMOS_mos_ovr_GTCRN_baseline,source_file_GTCRN_baseline,enhanced_file_GTCRN_SS,sampling_rate_GTCRN_SS,PESQ_GTCRN_SS,SI_SDR_GTCRN_SS,STOI_GTCRN_SS,DNSMOS_p808_mos_GTCRN_SS,DNSMOS_mos_sig_GTCRN_SS,DNSMOS_mos_bak_GTCRN_SS,DNSMOS_mos_ovr_GTCRN_SS,source_file_GTCRN_SS,enhanced_file_SS_GTCRN,sampling_rate_SS_GTCRN,PESQ_SS_GTCRN,SI_SDR_SS_GTCRN,STOI_SS_GTCRN,DNSMOS_p808_mos_SS_GTCRN,DNSMOS_mos_sig_SS_GTCRN,DNSMOS_mos_bak_SS_GTCRN,DNSMOS_mos_ovr_SS_GTCRN,source_file_SS_GTCRN,enhanced_file_GTCRN_SS_wovad_lowerfloor,sampling_rate_GTCRN_SS_wovad_lowerfloor,PESQ_GTCRN_SS_wovad_lowerfloor,SI_SDR_GTCRN_SS_wovad_lowerfloor,STOI_GTCRN_SS_wovad_lowerfloor,DNSMOS_p808_mos_GTCRN_SS_wovad_lowerfloor,DNSMOS_mos_sig_GTCRN_SS_wovad_lowerfloor,DNSMOS_mos_bak_GTCRN_SS_wovad_lowerfloor,DNSMOS_mos_ovr_GTCRN_SS_wovad_lowerfloor,source_file_GTCRN_SS_wovad_lowerfloor,enhanced_file_GTCRN_WF,sampling_rate_GTCRN_WF,PESQ_GTCRN_WF,SI_SDR_GTCRN_WF,STOI_GTCRN_WF,DNSMOS_p808_mos_GTCRN_WF,DNSMOS_mos_sig_GTCRN_WF,DNSMOS_mos_bak_GTCRN_WF,DNSMOS_mos_ovr_GTCRN_WF,source_file_GTCRN_WF,noise_category,PESQ_diff_GTCRN_baseline,PESQ_pct_GTCRN_baseline,PESQ_diff_GTCRN_SS,PESQ_pct_GTCRN_SS,PESQ_diff_SS_GTCRN,PESQ_pct_SS_GTCRN,PESQ_diff_GTCRN_SS_wovad_lowerfloor,PESQ_pct_GTCRN_SS_wovad_lowerfloor,PESQ_diff_GTCRN_WF,PESQ_pct_GTCRN_WF,SI_SDR_diff_GTCRN_baseline,SI_SDR_pct_GTCRN_baseline,SI_SDR_diff_GTCRN_SS,SI_SDR_pct_GTCRN_SS,SI_SDR_diff_SS_GTCRN,SI_SDR_pct_SS_GTCRN,SI_SDR_diff_GTCRN_SS_wovad_lowerfloor,SI_SDR_pct_GTCRN_SS_wovad_lowerfloor,SI_SDR_diff_GTCRN_WF,SI_SDR_pct_GTCRN_WF,STOI_diff_GTCRN_baseline,STOI_pct_GTCRN_baseline,STOI_diff_GTCRN_SS,STOI_pct_GTCRN_SS,STOI_diff_SS_GTCRN,STOI_pct_SS_GTCRN,STOI_diff_GTCRN_SS_wovad_lowerfloor,STOI_pct_GTCRN_SS_wovad_lowerfloor,STOI_diff_GTCRN_WF,STOI_pct_GTCRN_WF,DNSMOS_p808_mos_diff_GTCRN_baseline,DNSMOS_p808_mos_pct_GTCRN_baseline,DNSMOS_p808_mos_diff_GTCRN_SS,DNSMOS_p808_mos_pct_GTCRN_SS,DNSMOS_p808_mos_diff_SS_GTCRN,DNSMOS_p808_mos_pct_SS_GTCRN,DNSMOS_p808_mos_diff_GTCRN_SS_wovad_lowerfloor,DNSMOS_p808_mos_pct_GTCRN_SS_wovad_lowerfloor,DNSMOS_p808_mos_diff_GTCRN_WF,DNSMOS_p808_mos_pct_GTCRN_WF,DNSMOS_mos_sig_diff_GTCRN_baseline,DNSMOS_mos_sig_pct_GTCRN_baseline,DNSMOS_mos_sig_diff_GTCRN_SS,DNSMOS_mos_sig_pct_GTCRN_SS,DNSMOS_mos_sig_diff_SS_GTCRN,DNSMOS_mos_sig_pct_SS_GTCRN,DNSMOS_mos_sig_diff_GTCRN_SS_wovad_lowerfloor,DNSMOS_mos_sig_pct_GTCRN_SS_wovad_lowerfloor,DNSMOS_mos_sig_diff_GTCRN_WF,DNSMOS_mos_sig_pct_GTCRN_WF,DNSMOS_mos_bak_diff_GTCRN_baseline,DNSMOS_mos_bak_pct_GTCRN_baseline,DNSMOS_mos_bak_diff_GTCRN_SS,DNSMOS_mos_bak_pct_GTCRN_SS,DNSMOS_mos_bak_diff_SS_GTCRN,DNSMOS_mos_bak_pct_SS_GTCRN,DNSMOS_mos_bak_diff_GTCRN_SS_wovad_lowerfloor,DNSMOS_mos_bak_pct_GTCRN_SS_wovad_lowerfloor,DNSMOS_mos_bak_diff_GTCRN_WF,DNSMOS_mos_bak_pct_GTCRN_WF,DNSMOS_mos_ovr_diff_GTCRN_baseline,DNSMOS_mos_ovr_pct_GTCRN_baseline,DNSMOS_mos_ovr_diff_GTCRN_SS,DNSMOS_mos_ovr_pct_GTCRN_SS,DNSMOS_mos_ovr_diff_SS_GTCRN,DNSMOS_mos_ovr_pct_SS_GTCRN,DNSMOS_mos_ovr_diff_GTCRN_SS_wovad_lowerfloor,DNSMOS_mos_ovr_pct_GTCRN_SS_wovad_lowerfloor,DNSMOS_mos_ovr_diff_GTCRN_WF,DNSMOS_mos_ovr_pct_GTCRN_WF
p092_emo_confusion_sentences,BASELINE_p092_emo_confusion_sentences_Noise Recordings_Inside Train_1_SNR[10]dB.wav,16000,1.6501154899597168,10.003355026245115,0.5181522965431213,2.7214810848236084,4.149740153566925,2.9536527771444465,3.0445765292439364,BASELINE_metrics_SNR[10]dB_ENH-BASELINE_p092_emo_confusion_sentences_Noise Recordings_Inside Train_1_SNR[10]dB_CLN-p092_emo_confusion_sentences.csv,GTCRN_p092_emo_confusion_sentences_Noise Recordings_Inside Train_1_SNR[5]dB,16000,2.019969701766968,13.902554512023926,0.533235490322113,3.0219593048095703,3.3597650945269817,3.975876494567076,2.9831660608404333,GTCRN_NOIZEUS_EARS_metrics.csv_ENH-GTCRN_p092_emo_confusion_sentences_Noise Recordings_Inside Train_1_SNR[5]dB_CLN-p092_emo_confusion_sentences.csv,GTCRN+SS_p092_emo_confusion_sentences_Noise Recordings_Inside Train_1_SNR[5]dB,16000,1.9117088317871087,13.592905044555664,0.5330204367637634,3.0918896198272705,3.212859286683721,3.997956834396692,2.89620052008039,GTCRN_SS_NOIZEUS_EARS_metrics.csv_ENH-GTCRN+SS_p092_emo_confusion_sentences_Noise Recordings_Inside Train_1_SNR[5]dB_CLN-p092_emo_confusion_sentences.csv,SS+GTCRN_p092_emo_confusion_sentences_Noise Recordings_Inside Flight_SNR[5]dB,16000,2.321961641311645,11.82216739654541,0.5477341413497925,3.0106186866760254,3.306685980606113,4.109556132515707,3.001767347570546,SS_GTCRN_NOIZEUS_EARS_metrics.csv_ENH-SS+GTCRN_p092_emo_confusion_sentences_Noise Recordings_Inside Flight_SNR[5]dB_CLN-p092_emo_confusion_sentences.csv,GTCRN+SS_p092_emo_confusion_sentences_Noise Recordings_Inside Flight_SNR[5]dB,16000,2.344550848007202,12.33944034576416,0.5795893669128418,3.285134792327881,3.988413478288896,4.563953879525988,3.7072737345427775,GTCRN_SS_NOIZEUS_EARS_metrics.csv_ENH-GTCRN+SS_p092_emo_confusion_sentences_Noise Recordings_Inside Flight_SNR[5]dB_CLN-p092_emo_confusion_sentences.csv,GTCRN_MWF_p092_emo_confusion_sentences_Noise Recordings_Inside Flight_SNR[5]dB.wav,16000,2.3160550594329834,13.107358932495115,0.58429354429245,3.052959680557251,3.870958989225608,4.676287647427436,3.687972401966016,GTCRN_MWF_data_ENH-GTCRN_MWF_p092_emo_confusion_sentences_Noise Recordings_Inside Flight_SNR[5]dB_CLN-p092_emo_confusion_sentences.csv,Train,0.3698542118072514,22.413837943929636,0.2615933418273919,15.853032313136945,0.6718461513519283,40.71509875762269,0.6944353580474854,42.084045769695685,0.6659395694732666,40.35714915260409,3.8991994857788104,38.9789173287237,3.5895500183105487,35.883461187700455,1.8188123703002947,18.18202358637079,2.3360853195190447,23.353018196295324,3.10400390625,31.029628540686982,0.0150831937789917,2.9109576237758614,0.01486814022064209,2.869453695339309,0.029581844806671143,5.709102324553588,0.06143707036972046,11.856952247360653,0.06614124774932861,12.764827675298019,0.3004782199859619,11.040981385525129,0.3704085350036621,13.61054967713178,0.289137601852417,10.624273799468915,0.5636537075042725,20.71128513982692,0.3314785957336426,12.180080823715416,-0.7899750590399433,-19.036735549837193,-0.9368808668832038,-22.576856193704185,-0.8430541729608119,-20.315830431844304,-0.1613266752780289,-3.8876331844383065,-0.27878116434131694,-6.71803905846224,1.0222237174226296,34.60879780225563,1.0443040572522455,35.35635824674914,1.1559033553712608,39.13470683879008,1.6103011023815412,54.51897104636516,1.72263487028299,58.322186128743645,-0.06141046840350306,-2.017044663309981,-0.1483760091635462,-4.8734530972815655,-0.042809181673390206,-1.406080000361202,0.6626972052988411,21.766482101319014,0.6433958727220794,21.132524229300774
p092_emo_cuteness_sentences,BASELINE_p092_emo_cuteness_sentences_Noise Recordings_SSN_IEEE_SNR[10]dB.wav,16000,1.2241908311843872,10.005537033081056,0.689511239528656,2.574707627296448,4.330480627141272,2.2824433771065475,2.849095665536395,BASELINE_metrics_SNR[10]dB_ENH-BASELINE_p092_emo_cuteness_sentences_Noise Recordings_SSN_IEEE_SNR[10]dB_CLN-p092_emo_cuteness_sentences.csv,GTCRN_p092_emo_cuteness_sentences_Noise Recordings_SSN_IEEE_SNR[5]dB,16000,1.479744791984558,8.340773582458496,0.638659656047821,2.740087151527405,3.3972160075856834,3.6728111458129495,2.9342536580738003,GTCRN_NOIZEUS_EARS_metrics.csv_ENH-GTCRN_p092_emo_cuteness_sentences_Noise Recordings_SSN_IEEE_SNR[5]dB_CLN-p092_emo_cuteness_sentences.csv,GTCRN+SS_p092_emo_cuteness_sentences_Noise Recordings_SSN_IEEE_SNR[5]dB,16000,1.3930916786193848,7.551112651824951,0.6140596866607666,2.715685486793518,3.3729304680691863,3.3082081231192566,2.775615704339152,GTCRN_SS_NOIZEUS_EARS_metrics.csv_ENH-GTCRN+SS_p092_emo_cuteness_sentences_Noise Recordings_SSN_IEEE_SNR[5]dB_CLN-p092_emo_cuteness_sentences.csv,SS+GTCRN_p092_emo_cuteness_sentences_Noise Recordings_PC Fan Noise_SNR[5]dB,16000,2.046908378601074,15.06490707397461,0.7351716756820679,2.5833067893981934,3.966979136803027,4.423231191113455,3.632141007816176,SS_GTCRN_NOIZEUS_EARS_metrics.csv_ENH-SS+GTCRN_p092_emo_cuteness_sentences_Noise Recordings_PC Fan Noise_SNR[5]dB_CLN-p092_emo_cuteness_sentences.csv,GTCRN+SS_p092_emo_cuteness_sentences_Noise Recordings_PC Fan Noise_SNR[5]dB,16000,1.985708713531494,15.815546035766602,0.7327187061309814,2.700114488601685,4.244830969675077,4.321965210936352,3.8312134399723807,GTCRN_SS_NOIZEUS_EARS_metrics.csv_ENH-GTCRN+SS_p092_emo_cuteness_sentences_Noise Recordings_PC Fan Noise_SNR[5]dB_CLN-p092_emo_cuteness_sentences.csv,GTCRN_MWF_p092_emo_cuteness_sentences_Noise Recordings_PC Fan Noise_SNR[5]dB.wav,16000,1.958439588546753,16.599109649658203,0.7279164791107178,2.7336632013320923,3.8133964681373103,3.6385285285071696,3.2295319750816174,GTCRN_MWF_data_ENH-GTCRN_MWF_p092_emo_cuteness_sentences_Noise Recordings_PC Fan Noise_SNR[5]dB_CLN-p092_emo_cuteness_sentences.csv,Stationary,0.2555539608001709,20.87533694015059,0.16890084743499756,13.796937792091482,0.822717547416687,67.20500811305044,0.7615178823471067,62.20581489001587,0.7342487573623657,59.978292489904575,-1.6647634506225604,-16.638421757057063,-2.4544243812561053,-24.530661104357552,5.059370040893553,50.56570201245455,5.810009002685545,58.06793761770166,6.593572616577147,65.89923753994395,-0.05085158348083496,-7.375018790933223,-0.0754515528678894,-10.942758949000954,0.045660436153411865,6.622145301739381,0.04320746660232544,6.266390469843783,0.03840523958206177,5.569922197108093,0.1653795242309566,6.423235107460029,0.14097785949706987,5.4754900324392395,0.008599162101745161,0.33398596448695206,0.12540686130523682,4.8707224065250205,0.1589555740356441,6.173732984298266,-0.9332646195555885,-21.551063263194294,-0.9575501590720856,-22.111867977670734,-0.36350149033824497,-8.394021856604107,-0.08564965746619535,-1.9778325973654385,-0.5170841590039617,-11.94057204096789,1.390367768706402,60.91576170748081,1.025764746012709,44.941519965024085,2.1407878140069077,93.79368774180867,2.039521833829805,89.35695204037464,1.356085151400622,59.41374778461012,0.0851579925374053,2.988948162306538,-0.07347996119724298,-2.5790626157654493,0.783045342279781,27.48399612381419,0.9821177744359857,34.471210858800134,0.38043630954522234,13.35287944687523
p092_emo_confusion_freeform,BASELINE_p092_emo_confusion_freeform_Noise Recordings_Inside Flight_SNR[10]dB.wav,16000,1.311644434928894,10.00519561767578,0.7143891453742981,2.790749856403896,4.384935224957698,2.2428883609870893,2.7705428897753874,BASELINE_metrics_SNR[10]dB_ENH-BASELINE_p092_emo_confusion_freeform_Noise Recordings_Inside Flight_SNR[10]dB_CLN-p092_emo_confusion_freeform.csv,GTCRN_p092_emo_confusion_freeform_Noise Recordings_Inside Flight_SNR[5]dB,16000,1.918831825256348,12.423123359680176,0.722101628780365,3.144176278795515,4.160976406091892,3.961885950331853,3.5608026272797155,GTCRN_NOIZEUS_EARS_metrics.csv_ENH-GTCRN_p092_emo_confusion_freeform_Noise Recordings_Inside Flight_SNR[5]dB_CLN-p092_emo_confusion_freeform.csv,GTCRN+SS_p092_emo_confusion_freeform_Noise Recordings_Inside Flight_SNR[5]dB,16000,1.819391369819641,10.574685096740724,0.687044620513916,2.948374475751604,4.158206431940878,4.209414373286438,3.680675475748131,GTCRN_SS_NOIZEUS_EARS_metrics.csv_ENH-GTCRN+SS_p092_emo_confusion_freeform_Noise Recordings_Inside Flight_SNR[5]dB_CLN-p092_emo_confusion_freeform.csv,SS+GTCRN_p092_emo_confusion_freeform_Noise Recordings_Construction_Trucks_Unloading_SNR[5]dB,16000,1.4442837238311768,7.551542282104492,0.6677657961845398,2.822479282106672,3.294197571765996,3.5997619322721595,2.8030664479213683,SS_GTCRN_NOIZEUS_EARS_metrics.csv_ENH-SS+GTCRN_p092_emo_confusion_freeform_Noise Recordings_Construction_Trucks_Unloading_SNR[5]dB_CLN-p092_emo_confusion_freeform.csv,GTCRN+SS_p092_emo_confusion_freeform_Noise Recordings_Construction_Trucks_Unloading_SNR[5]dB,16000,1.7042404413223269,10.852081298828123,0.7033796906471252,3.0720738002232144,4.184314365475325,3.9987494068291753,3.597288951975546,GTCRN_SS_NOIZEUS_EARS_metrics.csv_ENH-GTCRN+SS_p092_emo_confusion_freeform_Noise Recordings_Construction_Trucks_Unloading_SNR[5]dB_CLN-p092_emo_confusion_freeform.csv,GTCRN_MWF_p092_emo_confusion_freeform_Noise Recordings_Construction_Trucks_Unloading_SNR[5]dB.wav,16000,1.5147488117218018,10.905487060546877,0.6819961667060852,3.027430704661778,3.96971997298091,3.560264611102749,3.248418769626756,GTCRN_MWF_data_ENH-GTCRN_MWF_p092_emo_confusion_freeform_Noise Recordings_Construction_Trucks_Unloading_SNR[5]dB_CLN-p092_emo_confusion_freeform.csv,Stationary,0.6071873903274541,46.29207231458047,0.5077469348907468,38.71071468528531,0.13263928890228271,10.112442470696967,0.39259600639343284,29.931587855569713,0.20310437679290771,15.484713035352318,2.4179277420043963,24.166721315600668,0.569489479064945,5.69193747755267,-2.4536533355712873,-24.523791731133333,0.8468856811523438,8.464459002242641,0.9002914428710973,8.998239287601617,0.0077124834060668945,1.0795913482176447,-0.02734452486038208,-3.82767921901377,-0.0466233491897583,-6.526323851873532,-0.011009454727172852,-1.5411005050202073,-0.03239297866821289,-4.534360422181508,0.3534264223916188,12.66421000006919,0.157624619347708,5.648109915190317,0.03172942570277604,1.136949828375587,0.28132394381931825,10.080586161234335,0.23668084825788194,8.4809051486565,-0.22395881886580593,-5.107460141967468,-0.2267287930168207,-5.17063038300658,-1.0907376531917023,-24.87465828419905,-0.20062085948237307,-4.575229716975088,-0.4152152519767882,-9.469130800690309,1.7189975893447635,76.64213784533784,1.9665260122993486,87.67828334683077,1.3568735712850701,60.49670571601315,1.755861045842086,78.28570857041392,1.3173762501156596,58.7357031687429,0.7902597375043281,28.523642078264157,0.9101325859727436,32.850333749806325,0.032523558145980846,1.1739056004513824,0.8267460622001588,29.84057981023295,0.4778758798513687,17.248456308507496
p092_emo_contentment_freeform,BASELINE_p092_emo_contentment_freeform_Noise Recordings_Inside Train_2_SNR[10]dB.wav,16000,1.554340362548828,10.007892608642578,0.8298836350440979,3.1992684432438443,3.276232810016299,2.504080167449195,2.213257576128501,BASELINE_metrics_SNR[10]dB_ENH-BASELINE_p092_emo_contentment_freeform_Noise Recordings_Inside Train_2_SNR[10]dB_CLN-p092_emo_contentment_freeform.csv,GTCRN_p092_emo_contentment_freeform_Noise Recordings_Inside Train_2_SNR[5]dB,16000,1.8132033348083496,10.741534233093262,0.8190769553184509,3.659267391477312,3.524043091800117,2.893484429077702,2.6063749773026705,GTCRN_NOIZEUS_EARS_metrics.csv_ENH-GTCRN_p092_emo_contentment_freeform_Noise Recordings_Inside Train_2_SNR[5]dB_CLN-p092_emo_contentment_freeform.csv,GTCRN+SS_p092_emo_contentment_freeform_Noise Recordings_Inside Train_2_SNR[5]dB,16000,1.7522618770599363,10.26048469543457,0.8095289468765259,3.650315591267177,3.672563480935618,2.9880278191586305,2.7614179096557168,GTCRN_SS_NOIZEUS_EARS_metrics.csv_ENH-GTCRN+SS_p092_emo_contentment_freeform_Noise Recordings_Inside Train_2_SNR[5]dB_CLN-p092_emo_contentment_freeform.csv,SS+GTCRN_p092_emo_contentment_freeform_Noise Recordings_Inside Train_1_SNR[5]dB,16000,1.7819545269012451,11.291489601135254,0.8032198548316956,3.288689306804112,3.5333757385764746,3.42925715470087,2.8401357484408742,SS_GTCRN_NOIZEUS_EARS_metrics.csv_ENH-SS+GTCRN_p092_emo_contentment_freeform_Noise Recordings_Inside Train_1_SNR[5]dB_CLN-p092_emo_contentment_freeform.csv,GTCRN+SS_p092_emo_contentment_freeform_Noise Recordings_Inside Train_1_SNR[5]dB,16000,1.8619039058685305,11.803539276123049,0.8072336316108704,3.5276382650647844,4.102954275431034,3.975367394294599,3.492063002884559,GTCRN_SS_NOIZEUS_EARS_metrics.csv_ENH-GTCRN+SS_p092_emo_contentment_freeform_Noise Recordings_Inside Train_1_SNR[5]dB_CLN-p092_emo_contentment_freeform.csv,GTCRN_MWF_p092_emo_contentment_freeform_Noise Recordings_Inside Train_1_SNR[5]dB.wav,16000,1.7733148336410522,11.632194519042969,0.8105517625808716,3.66009647505624,4.141039103761555,3.793489991499125,3.471792639058809,GTCRN_MWF_data_ENH-GTCRN_MWF_p092_emo_contentment_freeform_Noise Recordings_Inside Train_1_SNR[5]dB_CLN-p092_emo_contentment_freeform.csv,Train,0.2588629722595217,16.654201260979594,0.1979215145111084,12.733473264925971,0.22761416435241721,14.643778791099042,0.3075635433197026,19.787399898395215,0.21897447109222434,14.08793571654712,0.7336416244506836,7.330630464770656,0.2525920867919922,2.523928829670491,1.2835969924926758,12.825846985849868,1.7956466674804705,17.942305515246964,1.6243019104003906,16.23020923503598,-0.010806679725646973,-1.3021921712039464,-0.02035468816757202,-2.4527159360710162,-0.026663780212402344,-3.212954092170464,-0.02265000343322754,-2.729298720539775,-0.01933187246322632,-2.329467849091767,0.4599989482334679,14.378254166351221,0.4510471480233327,14.098446442524873,0.0894208635602678,2.7950409647275807,0.3283698218209401,10.263903378110873,0.4608280318123956,14.404168952610515,0.24781028178381792,7.563878886329359,0.3963306709193186,12.097146140153175,0.2571429285601754,7.848737970452597,0.8267214654147348,25.23390471175404,0.8648062937452559,26.396362648628546,0.38940426162850716,15.55079053340283,0.48394765170943543,19.326364147614864,0.9251769872516751,36.94677987063471,1.471287226845404,58.75559600570395,1.28940982404993,51.49235399134204,0.3931174011741696,17.76193631569186,0.5481603335272158,24.767127849894223,0.6268781723123733,28.32377844647111,1.2788054267560582,57.779331269385494,1.2585350629303083,56.863470230689416
p092_emo_disappointment_freeform,BASELINE_p092_emo_disappointment_freeform_Noise Recordings_Train1_SNR[10]dB.wav,16000,1.4244543313980105,10.001015663146973,0.83281010389328,2.864599738802229,4.178499192589705,2.2632101774271014,2.6873763998084206,BASELINE_metrics_SNR[10]dB_ENH-BASELINE_p092_emo_disappointment_freeform_Noise Recordings_Train1_SNR[10]dB_CLN-p092_emo_disappointment_freeform.csv,GTCRN_p092_emo_disappointment_freeform_Noise Recordings_Train1_SNR[5]dB,16000,1.5048953294754028,9.27743148803711,0.7682998180389404,3.3254342760358537,3.4788625725137536,3.150945704574217,2.693425809108295,GTCRN_NOIZEUS_EARS_metrics.csv_ENH-GTCRN_p092_emo_disappointment_freeform_Noise Recordings_Train1_SNR[5]dB_CLN-p092_emo_disappointment_freeform.csv,GTCRN+SS_p092_emo_disappointment_freeform_Noise Recordings_Train1_SNR[5]dB,16000,1.3961918354034424,9.129924774169922,0.7590802907943726,3.42871356010437,3.448580314184748,3.4427660809164595,2.809802271412359,GTCRN_SS_NOIZEUS_EARS_metrics.csv_ENH-GTCRN+SS_p092_emo_disappointment_freeform_Noise Recordings_Train1_SNR[5]dB_CLN-p092_emo_disappointment_freeform.csv,SS+GTCRN_p092_emo_disappointment_freeform_Noise Recordings_Street Noise_downtown_SNR[5]dB,16000,1.4773436784744265,9.75905990600586,0.765096127986908,3.328591448920114,3.6506293122881535,2.9395136813679925,2.744826254267744,SS_GTCRN_NOIZEUS_EARS_metrics.csv_ENH-SS+GTCRN_p092_emo_disappointment_freeform_Noise Recordings_Street Noise_downtown_SNR[5]dB_CLN-p092_emo_disappointment_freeform.csv,GTCRN+SS_p092_emo_disappointment_freeform_Noise Recordings_Street Noise_downtown_SNR[5]dB,16000,1.6739768981933594,11.227865219116213,0.7912961840629578,3.560522420065744,3.9891029229824895,3.3193905452032304,3.07654390654792,GTCRN_SS_NOIZEUS_EARS_metrics.csv_ENH-GTCRN+SS_p092_emo_disappointment_freeform_Noise Recordings_Street Noise_downtown_SNR[5]dB_CLN-p092_emo_disappointment_freeform.csv,GTCRN_MWF_p092_emo_disappointment_freeform_Noise Recordings_Street Noise_downtown_SNR[5]dB.wav,16000,1.64054274559021,11.538147926330566,0.7696223258972168,3.410468510219029,3.909902815849213,3.443713358165473,3.156639186128379,GTCRN_MWF_data_ENH-GTCRN_MWF_p092_emo_disappointment_freeform_Noise Recordings_Street Noise_downtown_SNR[5]dB_CLN-p092_emo_disappointment_freeform.csv,Train,0.08044099807739236,5.64714475601648,-0.028262495994568093,-1.9840928116544296,0.052889347076416016,3.712954912672316,0.2495225667953489,17.51706329191042,0.21608841419219948,15.169908183726927,-0.7235841751098633,-7.235106907953551,-0.8710908889770508,-8.710024244707048,-0.24195575714111328,-2.4193118508223415,1.22684955596924,12.267249620356989,1.5371322631835938,15.3697615817943,-0.0645102858543396,-7.74609788627231,-0.07372981309890747,-8.853136237688531,-0.06771397590637207,-8.130782226322417,-0.041513919830322266,-4.984800212707559,-0.06318777799606323,-7.587297236268929,0.4608345372336249,16.08722262281267,0.5641138213021413,19.692587891459258,0.463991710117885,16.197436026852856,0.6959226812635153,24.29388901482273,0.5458687714168002,19.055673433980118,-0.699636620075951,-16.74372993338639,-0.7299188784049564,-17.468446079860918,-0.5278698803015511,-12.633001849987044,-0.18939626960721512,-4.532638655120409,-0.26859637674049175,-6.42805860096443,0.8877355271471155,39.22461713901998,1.1795559034893581,52.11870798629581,0.6763035039408911,29.882487746221486,1.056180367776129,46.66735676210297,1.1805031807383717,52.16056345594955,0.006049409299874409,0.22510465226626472,0.12242587160393859,4.555590784106989,0.05744985445932338,2.1377673207005503,0.3891675067394993,14.481317420486484,0.46926278631995855,17.461743965356387
p092_emo_cuteness_freeform,BASELINE_p092_emo_cuteness_freeform_Noise Recordings_PC Fan Noise_SNR[10]dB.wav,16000,1.22050940990448,10.000267028808594,0.737342894077301,2.682676696777344,4.154295132176695,2.420789340277228,2.881796135126073,BASELINE_metrics_SNR[10]dB_ENH-BASELINE_p092_emo_cuteness_freeform_Noise Recordings_PC Fan Noise_SNR[10]dB_CLN-p092_emo_cuteness_freeform.csv,GTCRN_p092_emo_cuteness_freeform_Noise Recordings_PC Fan Noise_SNR[5]dB,16000,1.7926936149597168,12.955244064331056,0.6679540872573853,2.6561138153076174,3.4539725007520814,3.924388896183145,3.003022828332848,GTCRN_NOIZEUS_EARS_metrics.csv_ENH-GTCRN_p092_emo_cuteness_freeform_Noise Recordings_PC Fan Noise_SNR[5]dB_CLN-p092_emo_cuteness_freeform.csv,GTCRN+SS_p092_emo_cuteness_freeform_Noise Recordings_PC Fan Noise_SNR[5]dB,16000,1.812431812286377,12.874040603637695,0.6626312732696533,2.646041822433472,3.7258286054980174,3.8828466664551415,3.196151762128693,GTCRN_SS_NOIZEUS_EARS_metrics.csv_ENH-GTCRN+SS_p092_emo_cuteness_freeform_Noise Recordings_PC Fan Noise_SNR[5]dB_CLN-p092_emo_cuteness_freeform.csv,SS+GTCRN_p092_emo_cuteness_freeform_Noise Recordings_Inside Train_3_SNR[5]dB,16000,1.1737651824951172,2.4072606563568115,0.5001218318939209,2.4390803813934325,2.20635338299972,3.0424324492322485,1.889206165151632,SS_GTCRN_NOIZEUS_EARS_metrics.csv_ENH-SS+GTCRN_p092_emo_cuteness_freeform_Noise Recordings_Inside Train_3_SNR[5]dB_CLN-p092_emo_cuteness_freeform.csv,GTCRN+SS_p092_emo_cuteness_freeform_Noise Recordings_Inside Train_3_SNR[5]dB,16000,1.2103866338729858,2.8309271335601807,0.5048994421958923,2.810577392578125,2.892744604522855,3.700707626870512,2.464885245356073,GTCRN_SS_NOIZEUS_EARS_metrics.csv_ENH-GTCRN+SS_p092_emo_cuteness_freeform_Noise Recordings_Inside Train_3_SNR[5]dB_CLN-p092_emo_cuteness_freeform.csv,GTCRN_MWF_p092_emo_cuteness_freeform_Noise Recordings_Inside Train_3_SNR[5]dB.wav,16000,1.2150532007217407,4.334311008453369,0.5582820773124695,2.6893962383270265,2.549621506760379,2.976956292708521,2.1231371272256454,GTCRN_MWF_data_ENH-GTCRN_MWF_p092_emo_cuteness_freeform_Noise Recordings_Inside Train_3_SNR[5]dB_CLN-p092_emo_cuteness_freeform.csv,Stationary,0.5721842050552368,46.880769653387375,0.591922402381897,48.49797941567876,-0.04674422740936279,-3.8298948807794204,-0.01012277603149414,-0.8293894294748922,-0.005456209182739258,-0.44704359822725775,2.9549770355224627,29.54898131229713,2.8737735748291016,28.73696838844788,-7.593006372451782,-75.92803622721256,-7.169339895248413,-71.69148458331267,-5.665956020355225,-56.65804727046626,-0.06938880681991577,-9.410656477099138,-0.0747116208076477,-10.132547747834558,-0.23722106218338013,-32.172421283076815,-0.2324434518814087,-31.52447168725816,-0.17906081676483154,-24.28460600937985,-0.02656288146972674,-0.9901633507174493,-0.03663487434387225,-1.3656089974569476,-0.24359631538391158,-9.08034559947309,0.1279006958007809,4.767652246520273,0.006719541549682351,0.25047899203636526,-0.7003226314246134,-16.85779678964866,-0.42846652667867735,-10.31382010777306,-1.9479417491769748,-46.8898257634461,-1.26155052765384,-30.367378520669398,-1.6046736254163156,-38.62685664741222,1.5035995559059172,62.11195377015852,1.4620573261779137,60.395892441036594,0.6216431089550207,25.679355845305828,1.279918286593284,52.87193996181049,0.5561669524312931,22.974611758972845,0.12122669320677515,4.206636678047724,0.31435562700262,10.908322874437735,-0.9925899699744409,-34.4434485797177,-0.41691088977,-14.467050069513713,-0.7586590079004276,-26.3259082991045
p092_emo_contentment_sentences,BASELINE_p092_emo_contentment_sentences_Noise Recordings_Inside Train_3_SNR[10]dB.wav,16000,1.5118355751037598,9.989469528198242,0.7827585339546204,2.9662156105041504,3.2788961987909664,2.3505867858744285,2.2223985004946383,BASELINE_metrics_SNR[10]dB_ENH-BASELINE_p092_emo_contentment_sentences_Noise Recordings_Inside Train_3_SNR[10]dB_CLN-p092_emo_contentment_sentences.csv,GTCRN_p092_emo_contentment_sentences_Noise Recordings_Inside Train_3_SNR[5]dB,16000,1.595847249031067,11.694997787475586,0.7729394435882568,3.52134108543396,3.325536515402776,3.5312859510095773,2.808040724880809,GTCRN_NOIZEUS_EARS_metrics.csv_ENH-GTCRN_p092_emo_contentment_sentences_Noise Recordings_Inside Train_3_SNR[5]dB_CLN-p092_emo_contentment_sentences.csv,GTCRN+SS_p092_emo_contentment_sentences_Noise Recordings_Inside Train_3_SNR[5]dB,16000,1.607943773269653,11.167012214660645,0.7674521803855896,3.637662172317505,3.404580361193102,3.573503436423219,2.834974588688904,GTCRN_SS_NOIZEUS_EARS_metrics.csv_ENH-GTCRN+SS_p092_emo_contentment_sentences_Noise Recordings_Inside Train_3_SNR[5]dB_CLN-p092_emo_contentment_sentences.csv,SS+GTCRN_p092_emo_contentment_sentences_Noise Recordings_Inside Train_2_SNR[5]dB,16000,1.6036958694458008,7.42610502243042,0.7462913393974304,3.084160327911377,2.92297819124308,3.8299984647370167,2.6059018949272432,SS_GTCRN_NOIZEUS_EARS_metrics.csv_ENH-SS+GTCRN_p092_emo_contentment_sentences_Noise Recordings_Inside Train_2_SNR[5]dB_CLN-p092_emo_contentment_sentences.csv,GTCRN+SS_p092_emo_contentment_sentences_Noise Recordings_Inside Train_2_SNR[5]dB,16000,1.7431294918060305,10.331357955932615,0.7870468497276306,3.5332047939300537,3.690005183390796,3.933024318542488,3.2206074050701075,GTCRN_SS_NOIZEUS_EARS_metrics.csv_ENH-GTCRN+SS_p092_emo_contentment_sentences_Noise Recordings_Inside Train_2_SNR[5]dB_CLN-p092_emo_contentment_sentences.csv,GTCRN_MWF_p092_emo_contentment_sentences_Noise Recordings_Inside Train_2_SNR[5]dB.wav,16000,1.8150286674499512,12.194581031799316,0.7784527540206909,3.4527907371521,3.470674354094715,3.841054413580894,3.017459454006015,GTCRN_MWF_data_ENH-GTCRN_MWF_p092_emo_contentment_sentences_Noise Recordings_Inside Train_2_SNR[5]dB_CLN-p092_emo_contentment_sentences.csv,Train,0.08401167392730713,5.556931938285767,0.09610819816589333,6.357053620682082,0.09186029434204102,6.076077045331896,0.23129391670227073,15.298880414716834,0.3031930923461914,20.054634071260214,1.7055282592773438,17.07326154269738,1.1775426864624023,11.787840016313565,-2.5633645057678223,-25.66066695065204,0.3418884277343732,3.4224883190172575,2.205111503601074,22.07436037896199,-0.009819090366363525,-1.254421375229973,-0.015306353569030762,-1.9554374567723503,-0.03646719455718994,-4.658805107234269,0.004288315773010254,0.547846569151409,-0.004305779933929443,-0.5500776736570293,0.5551254749298096,18.714940106307985,0.6714465618133545,22.636471854425736,0.11794471740722656,3.9762691892508846,0.5669891834259033,19.114901203339546,0.48657512664794966,16.403902835817433,0.046640316611809673,1.422439558440656,0.12568416240213542,3.8331241607611486,-0.3559180075478863,-10.854811679586703,0.4111089845998297,12.538029863568681,0.19177815530374875,5.848863266073,1.1806991651351488,50.229975435513374,1.2229166505487905,52.02601571223673,1.4794116788625882,62.93797309475815,1.5824375326680595,67.32095756589501,1.4904676277064657,63.408321558823246,0.5856422243861705,26.351809734204934,0.6125760881942659,27.563737469131887,0.38350339443260495,17.25628389090655,0.9982089045754692,44.91583774706914,0.7950609535113768,35.774905055705375
p092_emo_disgust_freeform,BASELINE_p092_emo_disgust_freeform_Noise Recordings_Water Cooler_SNR[10]dB.wav,16000,1.5304081439971924,10.00058937072754,0.8578245043754578,3.0567755699157715,4.367005599506537,2.275969761111168,2.873235307148964,BASELINE_metrics_SNR[10]dB_ENH-BASELINE_p092_emo_disgust_freeform_Noise Recordings_Water Cooler_SNR[10]dB_CLN-p092_emo_disgust_freeform.csv,GTCRN_p092_emo_disgust_freeform_Noise Recordings_Water Cooler_SNR[5]dB,16000,1.9464340209960933,12.45396614074707,0.8418062329292297,3.3394695350102017,3.5905660530011785,3.4127315708229915,3.000828728639369,GTCRN_NOIZEUS_EARS_metrics.csv_ENH-GTCRN_p092_emo_disgust_freeform_Noise Recordings_Water Cooler_SNR[5]dB_CLN-p092_emo_disgust_freeform.csv,GTCRN+SS_p092_emo_disgust_freeform_Noise Recordings_Water Cooler_SNR[5]dB,16000,1.823274850845337,9.640796661376951,0.8088116645812988,3.309976237160819,3.617777631458064,3.960591295462797,3.23372738017352,GTCRN_SS_NOIZEUS_EARS_metrics.csv_ENH-GTCRN+SS_p092_emo_disgust_freeform_Noise Recordings_Water Cooler_SNR[5]dB_CLN-p092_emo_disgust_freeform.csv,SS+GTCRN_p092_emo_disgust_freeform_Noise Recordings_Train2_SNR[5]dB,16000,1.4282958507537842,8.796425819396973,0.8012745976448059,2.94842529296875,3.032104904060152,3.520873838524566,2.562780766885021,SS_GTCRN_NOIZEUS_EARS_metrics.csv_ENH-SS+GTCRN_p092_emo_disgust_freeform_Noise Recordings_Train2_SNR[5]dB_CLN-p092_emo_disgust_freeform.csv,GTCRN+SS_p092_emo_disgust_freeform_Noise Recordings_Train2_SNR[5]dB,16000,1.589435577392578,11.136422157287598,0.8295104503631592,3.160489695412772,3.5410929057358325,3.458967895713122,2.926743718252731,GTCRN_SS_NOIZEUS_EARS_metrics.csv_ENH-GTCRN+SS_p092_emo_disgust_freeform_Noise Recordings_Train2_SNR[5]dB_CLN-p092_emo_disgust_freeform.csv,GTCRN_MWF_p092_emo_disgust_freeform_Noise Recordings_Train2_SNR[5]dB.wav,16000,1.473943114280701,11.53677749633789,0.8327717185020447,3.0548319816589355,3.0286540258765675,3.429061592790488,2.585926357532099,GTCRN_MWF_data_ENH-GTCRN_MWF_p092_emo_disgust_freeform_Noise Recordings_Train2_SNR[5]dB_CLN-p092_emo_disgust_freeform.csv,Stationary,0.4160258769989009,27.18398217042317,0.29286670684814453,19.13650995630626,-0.1021122932434082,-6.672226206056803,0.05902743339538552,3.856973293491165,-0.05646502971649148,-3.689540593335673,2.4533767700195295,24.532321836958364,-0.3597927093505895,-3.597715054711967,-1.2041635513305682,-12.040925856382458,1.1358327865600568,11.357658478456507,1.5361881256103498,15.360975925147823,-0.016018271446228027,-1.8673133449236434,-0.049012839794158936,-5.7136208564994195,-0.056549906730651855,-6.592246600815306,-0.028314054012298584,-3.3006814176884274,-0.025052785873413086,-2.9205024740640693,0.28269396509443023,9.248109932461276,0.2532006672450473,8.283259972927098,-0.10835027694702148,-3.5445937874335685,0.10371412549700043,3.392925752146673,-0.0019435882568359375,-0.06358295571203784,-0.7764395465053582,-17.779678290155946,-0.7492279680484728,-17.156560736563613,-1.3349006954463847,-30.567872310427674,-0.8259126937707042,-18.912563195797844,-1.3383515736299691,-30.646893921574097,1.1367618097118233,49.9462615512447,1.6846215343516286,74.01774677046531,1.244904077413398,54.697742416648545,1.1829981346019536,51.977761515794185,1.15309183167932,50.66375886805985,0.1275934214904053,4.440757816560905,0.360492073024556,12.54655586779152,-0.3104545402639429,-10.805050999181784,0.05350841110376736,1.8623052198555348,-0.2873089496168646,-9.999492519878359
p092_emo_desire_freeform,BASELINE_p092_emo_desire_freeform_Noise Recordings_Street Noise_SNR[10]dB.wav,16000,1.2267560958862305,10.002029418945312,0.7857905626296997,2.743739644686381,4.1180313687059495,2.534202036180857,2.809793282682189,BASELINE_metrics_SNR[10]dB_ENH-BASELINE_p092_emo_desire_freeform_Noise Recordings_Street Noise_SNR[10]dB_CLN-p092_emo_desire_freeform.csv,GTCRN_p092_emo_desire_freeform_Noise Recordings_Street Noise_SNR[5]dB,16000,1.5471835136413574,10.374232292175291,0.7372520565986633,2.938867251078288,2.267402393691297,3.220027127256021,1.895816180631448,GTCRN_NOIZEUS_EARS_metrics.csv_ENH-GTCRN_p092_emo_desire_freeform_Noise Recordings_Street Noise_SNR[5]dB_CLN-p092_emo_desire_freeform.csv,GTCRN+SS_p092_emo_desire_freeform_Noise Recordings_Street Noise_SNR[5]dB,16000,1.440273404121399,9.846627235412598,0.7241838574409485,2.967406233151754,2.6628449972367387,3.367644309999223,2.2151770681862577,GTCRN_SS_NOIZEUS_EARS_metrics.csv_ENH-GTCRN+SS_p092_emo_desire_freeform_Noise Recordings_Street Noise_SNR[5]dB_CLN-p092_emo_desire_freeform.csv,SS+GTCRN_p092_emo_desire_freeform_Noise Recordings_SSN_IEEE_SNR[5]dB,16000,1.4425393342971802,10.231804847717283,0.7341760993003845,2.8327443599700928,2.443620160964323,3.665527361415689,2.2374137073901266,SS_GTCRN_NOIZEUS_EARS_metrics.csv_ENH-SS+GTCRN_p092_emo_desire_freeform_Noise Recordings_SSN_IEEE_SNR[5]dB_CLN-p092_emo_desire_freeform.csv,GTCRN+SS_p092_emo_desire_freeform_Noise Recordings_SSN_IEEE_SNR[5]dB,16000,1.544563055038452,10.729053497314451,0.7458045482635498,3.034078041712443,2.976677491682233,3.699157062030385,2.556848996861794,GTCRN_SS_NOIZEUS_EARS_metrics.csv_ENH-GTCRN+SS_p092_emo_desire_freeform_Noise Recordings_SSN_IEEE_SNR[5]dB_CLN-p092_emo_desire_freeform.csv,GTCRN_MWF_p092_emo_desire_freeform_Noise Recordings_SSN_IEEE_SNR[5]dB.wav,16000,1.4692332744598389,10.52350902557373,0.73439621925354,3.16616427898407,2.883176896545032,3.623092100528684,2.4761519816348017,GTCRN_MWF_data_ENH-GTCRN_MWF_p092_emo_desire_freeform_Noise Recordings_SSN_IEEE_SNR[5]dB_CLN-p092_emo_desire_freeform.csv,Street,0.32042741775512695,26.11989610890374,0.21351730823516846,17.405033400785324,0.2157832384109497,17.58974250338361,0.31780695915222146,25.906287339263805,0.2424771785736084,19.765720291647586,0.3722028732299787,3.72127352999954,-0.15540218353271484,-1.5537065231817884,0.22977542877197088,2.2972880717261486,0.7270240783691388,7.268765646620159,0.521479606628418,5.213737980420843,-0.04853850603103638,-6.177028376187044,-0.06160670518875122,-7.8400922737708045,-0.051614463329315186,-6.5684758489060995,-0.0399860143661499,-5.088635097924068,-0.05139434337615967,-6.540463301590836,0.19512760639190718,7.111739146598619,0.22366658846537302,8.151888204791344,0.0890047152837119,3.243919861568551,0.290338397026062,10.581849396255262,0.42242463429768895,15.395944550197058,-1.8506289750146525,-44.93965221047343,-1.4551863714692108,-35.33694236832608,-1.6744112077416267,-40.66047724808356,-1.1413538770237164,-27.71600735480496,-1.2348544721609174,-29.9865241810666,0.6858250910751638,27.0627630032501,0.833442273818366,32.8877596150304,1.1313253252348319,44.642270390555915,1.1649550258495278,45.96930352108631,1.0888900643478268,42.96776850470956,-0.9139771020507412,-32.52826845604355,-0.5946162144959315,-21.16227617742467,-0.5723795752920626,-20.370878484899684,-0.2529442858203952,-9.002238256436364,-0.33364130104738754,-11.874229435444384
p092_emo_disappointment_sentences,BASELINE_p092_emo_disappointment_sentences_Noise Recordings_Train2_SNR[10]dB.wav,16000,1.2625281810760498,9.988920211791992,0.7324244976043701,2.8599945306777954,3.952985489740998,2.475001243561744,2.6632165615575283,BASELINE_metrics_SNR[10]dB_ENH-BASELINE_p092_emo_disappointment_sentences_Noise Recordings_Train2_SNR[10]dB_CLN-p092_emo_disappointment_sentences.csv,GTCRN_p092_emo_disappointment_sentences_Noise Recordings_Train2_SNR[5]dB,16000,1.9455976486206048,12.42363452911377,0.7477921843528748,3.482390284538269,4.485754836041343,4.2962076252939205,4.049814164887857,GTCRN_NOIZEUS_EARS_metrics.csv_ENH-GTCRN_p092_emo_disappointment_sentences_Noise Recordings_Train2_SNR[5]dB_CLN-p092_emo_disappointment_sentences.csv,GTCRN+SS_p092_emo_disappointment_sentences_Noise Recordings_Train2_SNR[5]dB,16000,1.8476886749267576,11.566563606262209,0.7307355999946594,3.555729925632477,4.457540428180854,4.27409701801972,4.0109148891461,GTCRN_SS_NOIZEUS_EARS_metrics.csv_ENH-GTCRN+SS_p092_emo_disappointment_sentences_Noise Recordings_Train2_SNR[5]dB_CLN-p092_emo_disappointment_sentences.csv,SS+GTCRN_p092_emo_disappointment_sentences_Noise Recordings_Train1_SNR[5]dB,16000,1.7421929836273191,12.184525489807127,0.6965456008911133,3.248540043830872,4.004348511617005,4.274628007177221,3.583253023311272,SS_GTCRN_NOIZEUS_EARS_metrics.csv_ENH-SS+GTCRN_p092_emo_disappointment_sentences_Noise Recordings_Train1_SNR[5]dB_CLN-p092_emo_disappointment_sentences.csv,GTCRN+SS_p092_emo_disappointment_sentences_Noise Recordings_Train1_SNR[5]dB,16000,1.561113357543945,12.789841651916504,0.7137303948402405,3.6129192113876334,4.275853297050191,3.9714655867139856,3.7209778255561967,GTCRN_SS_NOIZEUS_EARS_metrics.csv_ENH-GTCRN+SS_p092_emo_disappointment_sentences_Noise Recordings_Train1_SNR[5]dB_CLN-p092_emo_disappointment_sentences.csv,GTCRN_MWF_p092_emo_disappointment_sentences_Noise Recordings_Train1_SNR[5]dB.wav,16000,1.254749774932861,10.776077270507812,0.7129247784614563,3.5425865650177,4.284120863274039,4.473705251607079,3.924502596883121,GTCRN_MWF_data_ENH-GTCRN_MWF_p092_emo_disappointment_sentences_Noise Recordings_Train1_SNR[5]dB_CLN-p092_emo_disappointment_sentences.csv,Train,0.683069467544555,54.103304606030775,0.5851604938507078,46.34831147705367,0.4796648025512693,37.99240363430558,0.2985851764678953,23.649783105309528,-0.007778406143188699,-0.6160976253662063,2.4347143173217773,24.37414921432228,1.5776433944702166,15.793933288282725,2.195605278015135,21.980406605142434,2.8009214401245117,28.040282440318258,0.7871570587158203,7.880301794648192,0.015367686748504639,2.0981939843314366,-0.0016888976097106934,-0.23058999463218066,-0.035878896713256836,-4.898647823852193,-0.01869410276412964,-2.5523590247560963,-0.01949971914291382,-2.6623521204839435,0.6223957538604736,21.762130912640973,0.6957353949546814,24.32645893171683,0.3885455131530766,13.58553343320536,0.752924680709838,26.326088131762997,0.6825920343399048,23.866899989425367,0.5327693463003449,13.477644875829087,0.5045549384398562,12.763895535394818,0.05136302187600705,1.2993475946043098,0.3228678073091933,8.167695230531894,0.3311353735330407,8.376842626729117,1.8212063817321766,73.58405925935216,1.7990957744579763,72.69070183855422,1.7996267636154775,72.7121559351484,1.4964643431522417,60.46317540425549,1.998704008045335,80.7556769211568,1.3865976033303284,52.064770974516804,1.347698327588572,50.604158409123066,0.9200364617537438,34.5460626459787,1.0577612639986684,39.71743339490417,1.2612860353255928,47.35949954396331
p092_emo_disgust_sentences,BASELINE_p092_emo_disgust_sentences_Noise Recordings_cafeteria_babble_SNR[10]dB.wav,16000,1.5203211307525637,9.98387050628662,0.7148472666740417,2.8211082458496093,4.465026410363522,2.3217478965168725,2.837852910221092,BASELINE_metrics_SNR[10]dB_ENH-BASELINE_p092_emo_disgust_sentences_Noise Recordings_cafeteria_babble_SNR[10]dB_CLN-p092_emo_disgust_sentences.csv,GTCRN_p092_emo_disgust_sentences_Noise Recordings_cafeteria_babble_SNR[5]dB,16000,1.7044097185134888,10.57040023803711,0.7240724563598633,3.2796058177948,3.724688288000047,3.191090729852083,2.927736693629919,GTCRN_NOIZEUS_EARS_metrics.csv_ENH-GTCRN_p092_emo_disgust_sentences_Noise Recordings_cafeteria_babble_SNR[5]dB_CLN-p092_emo_disgust_sentences.csv,GTCRN+SS_p092_emo_disgust_sentences_Noise Recordings_cafeteria_babble_SNR[5]dB,16000,1.6204653978347778,10.168734550476074,0.7183647751808167,3.318443536758423,3.4745365247512288,3.207340170468143,2.7165284766993056,GTCRN_SS_NOIZEUS_EARS_metrics.csv_ENH-GTCRN+SS_p092_emo_disgust_sentences_Noise Recordings_cafeteria_babble_SNR[5]dB_CLN-p092_emo_disgust_sentences.csv,SS+GTCRN_p092_emo_disgust_sentences_Noise Recordings_Water Cooler_SNR[5]dB,16000,1.878451585769653,10.10475254058838,0.7388279438018799,3.16677188873291,3.413429548415151,3.3315856562976536,2.7885593829612745,SS_GTCRN_NOIZEUS_EARS_metrics.csv_ENH-SS+GTCRN_p092_emo_disgust_sentences_Noise Recordings_Water Cooler_SNR[5]dB_CLN-p092_emo_disgust_sentences.csv,GTCRN+SS_p092_emo_disgust_sentences_Noise Recordings_Water Cooler_SNR[5]dB,16000,2.2141425609588623,11.966614723205566,0.7694230079650879,3.512452507019043,4.110060216786197,3.387435851821496,3.270434152302656,GTCRN_SS_NOIZEUS_EARS_metrics.csv_ENH-GTCRN+SS_p092_emo_disgust_sentences_Noise Recordings_Water Cooler_SNR[5]dB_CLN-p092_emo_disgust_sentences.csv,GTCRN_MWF_p092_emo_disgust_sentences_Noise Recordings_Water Cooler_SNR[5]dB.wav,16000,2.111724853515625,12.490089416503906,0.7646816372871399,3.5253532409667967,3.7543807476374313,3.269928194304542,3.027099948175084,GTCRN_MWF_data_ENH-GTCRN_MWF_p092_emo_disgust_sentences_Noise Recordings_Water Cooler_SNR[5]dB_CLN-p092_emo_disgust_sentences.csv,Babble,0.18408858776092507,12.10853312745845,0.10014426708221413,6.587046976887207,0.3581304550170894,23.5562374141188,0.6938214302062986,45.636505089083045,0.5914037227630613,38.899921260077114,0.5865297317504901,5.874773028968729,0.1848640441894549,1.851627022536502,0.12088203430176137,1.2107732589845257,1.982744216918947,19.85947449609305,2.506218910217287,25.10267845160028,0.009225189685821533,1.2905119898888924,0.0035175085067749023,0.4920643430785931,0.023980677127838135,3.354657455628619,0.05457574129104614,7.634601660431578,0.049834370613098145,6.9713312110657855,0.4584975719451907,16.252392038473833,0.49733529090881357,17.629075085668518,0.34566364288330087,12.252760715291174,0.6913442611694336,24.506123158745627,0.7042449951171874,24.963416279870394,-0.7403381223634748,-16.580822918429277,-0.990489885612293,-22.183292876237477,-1.0515968619483709,-23.551862078745348,-0.35496619357732495,-7.949923717213247,-0.7106456627260904,-15.915822156765987,0.8693428333352107,37.4434638075656,0.8855922739512705,38.14334343878815,1.009837759780781,43.494720563578745,1.0656879553046235,45.90024424716342,0.9481802977876694,40.839072115027925,0.08988378340882708,3.1673164978034185,-0.12132443352178646,-4.275219236515478,-0.049293527259817616,-1.7370007826084701,0.432581242081564,15.243258046375011,0.1892470379539919,6.66866972817305
p092_emo_desire_sentences,BASELINE_p092_emo_desire_sentences_Noise Recordings_Street Noise_downtown_SNR[10]dB.wav,16000,1.3511686325073242,10.00297737121582,0.7552696466445923,3.076759974161784,4.195612539888701,2.5352141275847857,2.854650838077148,BASELINE_metrics_SNR[10]dB_ENH-BASELINE_p092_emo_desire_sentences_Noise Recordings_Street Noise_downtown_SNR[10]dB_CLN-p092_emo_desire_sentences.csv,GTCRN_p092_emo_desire_sentences_Noise Recordings_Street Noise_downtown_SNR[5]dB,16000,1.6268560886383057,12.505764961242676,0.7363725900650024,3.4079657395680747,3.610594359401312,3.590835701026384,2.976581411700729,GTCRN_NOIZEUS_EARS_metrics.csv_ENH-GTCRN_p092_emo_desire_sentences_Noise Recordings_Street Noise_downtown_SNR[5]dB_CLN-p092_emo_desire_sentences.csv,GTCRN+SS_p092_emo_desire_sentences_Noise Recordings_Street Noise_downtown_SNR[5]dB,16000,1.3685394525527954,11.698359489440918,0.7201693654060364,3.444263537724813,3.4644256559976205,3.761523574419343,2.9134179100306987,GTCRN_SS_NOIZEUS_EARS_metrics.csv_ENH-GTCRN+SS_p092_emo_desire_sentences_Noise Recordings_Street Noise_downtown_SNR[5]dB_CLN-p092_emo_desire_sentences.csv,SS+GTCRN_p092_emo_desire_sentences_Noise Recordings_Street Noise_SNR[5]dB,16000,1.438414216041565,7.745471954345703,0.6899358034133911,3.210139195124308,2.923765689316729,3.338757164434529,2.432930016989576,SS_GTCRN_NOIZEUS_EARS_metrics.csv_ENH-SS+GTCRN_p092_emo_desire_sentences_Noise Recordings_Street Noise_SNR[5]dB_CLN-p092_emo_desire_sentences.csv,GTCRN+SS_p092_emo_desire_sentences_Noise Recordings_Street Noise_SNR[5]dB,16000,1.722708225250244,11.680153846740724,0.7263646721839905,3.365604877471924,3.756017358214968,3.1105639168417167,2.891061771257904,GTCRN_SS_NOIZEUS_EARS_metrics.csv_ENH-GTCRN+SS_p092_emo_desire_sentences_Noise Recordings_Street Noise_SNR[5]dB_CLN-p092_emo_desire_sentences.csv,GTCRN_MWF_p092_emo_desire_sentences_Noise Recordings_Street Noise_SNR[5]dB.wav,16000,1.6116224527359009,11.18026351928711,0.7222360372543335,3.4274839560190835,3.397441629760668,3.7367046449468657,2.926739369933427,GTCRN_MWF_data_ENH-GTCRN_MWF_p092_emo_desire_sentences_Noise Recordings_Street Noise_SNR[5]dB_CLN-p092_emo_desire_sentences.csv,Street,0.27568745613098145,20.403630568258254,0.01737082004547119,1.2856145138032598,0.08724558353424072,6.457046251313697,0.3715395927429197,27.497647873416405,0.26045382022857666,19.27618906792264,2.5027875900268555,25.020426390534283,1.6953821182250977,16.948774902797076,-2.257505416870117,-22.568334737677475,1.6771764755249041,16.76677266461766,1.177286148071289,11.769357306145688,-0.018897056579589844,-2.502027807359011,-0.03510028123855591,-4.647384069318103,-0.06533384323120117,-8.650399697837369,-0.028904974460601807,-3.827106595507556,-0.03303360939025879,-4.373750426356461,0.33120576540629054,10.764757998274547,0.3675035635630288,11.944498974547065,0.13337922096252397,4.335054475572509,0.2888449033101397,9.38795699813506,0.35072398185729936,11.399133660169532,-0.5850181804873893,-13.943570215921518,-0.7311868838910809,-17.42741678216257,-1.2718468505719724,-30.313734609195137,-0.43959518167373357,-10.477497087597962,-0.7981709101280332,-19.02394233355987,1.0556215734415981,41.638359535620516,1.2263094468345574,48.37104027985288,0.8035430368497432,31.69527292021096,0.575349789256931,22.69432719693179,1.20149051736208,47.392072499481536,0.12193057362358095,4.2712955292883255,0.05876707195355069,2.0586430806065006,-0.42172082108757225,-14.773113946630243,0.03641093318075583,1.2754951567135167,0.07208853185627895,2.525301199527321
