config,time_seconds,mode,Freq_spacing,Nband,FRMSZ,OVLP,Noisefr,FLOOR,AVRGING,VAD
mband_log_N4_F8_O25_FL0p5,11.195847988128662,hybrid,log,4,8,25,1,0.5,1,1
mband_log_N4_F8_O25_FL0p7,1.975193977355957,hybrid,log,4,8,25,1,0.7,1,1
mband_log_N4_F8_O25_FL0p8,1.5991318225860596,hybrid,log,4,8,25,1,0.8,1,1
mband_log_N4_F8_O50_FL0p5,1.7208921909332275,hybrid,log,4,8,50,1,0.5,1,1
mband_log_N4_F8_O50_FL0p7,1.8263838291168213,hybrid,log,4,8,50,1,0.7,1,1
mband_log_N4_F8_O50_FL0p8,1.8055109977722168,hybrid,log,4,8,50,1,0.8,1,1
mband_log_N4_F8_O75_FL0p5,2.430201292037964,hybrid,log,4,8,75,1,0.5,1,1
mband_log_N4_F8_O75_FL0p7,2.430480718612671,hybrid,log,4,8,75,1,0.7,1,1
mband_log_N4_F8_O75_FL0p8,2.348177671432495,hybrid,log,4,8,75,1,0.8,1,1
mband_log_N4_F20_O25_FL0p5,1.1264755725860596,hybrid,log,4,20,25,1,0.5,1,1
mband_log_N4_F20_O25_FL0p7,1.2664685249328613,hybrid,log,4,20,25,1,0.7,1,1
mband_log_N4_F20_O25_FL0p8,1.2166478633880615,hybrid,log,4,20,25,1,0.8,1,1
mband_log_N4_F20_O50_FL0p5,1.326653003692627,hybrid,log,4,20,50,1,0.5,1,1
mband_log_N4_F20_O50_FL0p7,1.284942388534546,hybrid,log,4,20,50,1,0.7,1,1
mband_log_N4_F20_O50_FL0p8,1.4142115116119385,hybrid,log,4,20,50,1,0.8,1,1
mband_log_N4_F20_O75_FL0p5,1.7061774730682373,hybrid,log,4,20,75,1,0.5,1,1
mband_log_N4_F20_O75_FL0p7,1.6659138202667236,hybrid,log,4,20,75,1,0.7,1,1
mband_log_N4_F20_O75_FL0p8,1.6296489238739014,hybrid,log,4,20,75,1,0.8,1,1
mband_log_N4_F25_O25_FL0p5,1.227571725845337,hybrid,log,4,25,25,1,0.5,1,1
mband_log_N4_F25_O25_FL0p7,1.1389532089233398,hybrid,log,4,25,25,1,0.7,1,1
mband_log_N4_F25_O25_FL0p8,1.1242554187774658,hybrid,log,4,25,25,1,0.8,1,1
mband_log_N4_F25_O50_FL0p5,1.2998619079589844,hybrid,log,4,25,50,1,0.5,1,1
mband_log_N4_F25_O50_FL0p7,1.2804644107818604,hybrid,log,4,25,50,1,0.7,1,1
mband_log_N4_F25_O50_FL0p8,1.3477871417999268,hybrid,log,4,25,50,1,0.8,1,1
mband_log_N4_F25_O75_FL0p5,1.6082849502563477,hybrid,log,4,25,75,1,0.5,1,1
mband_log_N4_F25_O75_FL0p7,1.6408021450042725,hybrid,log,4,25,75,1,0.7,1,1
mband_log_N4_F25_O75_FL0p8,1.6423430442810059,hybrid,log,4,25,75,1,0.8,1,1
mband_log_N8_F8_O25_FL0p5,1.6712055206298828,hybrid,log,8,8,25,1,0.5,1,1
mband_log_N8_F8_O25_FL0p7,1.635439395904541,hybrid,log,8,8,25,1,0.7,1,1
mband_log_N8_F8_O25_FL0p8,1.580341100692749,hybrid,log,8,8,25,1,0.8,1,1
mband_log_N8_F8_O50_FL0p5,1.9037401676177979,hybrid,log,8,8,50,1,0.5,1,1
mband_log_N8_F8_O50_FL0p7,1.8865687847137451,hybrid,log,8,8,50,1,0.7,1,1
mband_log_N8_F8_O50_FL0p8,1.8835346698760986,hybrid,log,8,8,50,1,0.8,1,1
mband_log_N8_F8_O75_FL0p5,2.7720932960510254,hybrid,log,8,8,75,1,0.5,1,1
mband_log_N8_F8_O75_FL0p7,2.822011947631836,hybrid,log,8,8,75,1,0.7,1,1
mband_log_N8_F8_O75_FL0p8,3.0326061248779297,hybrid,log,8,8,75,1,0.8,1,1
mband_log_N8_F20_O25_FL0p5,1.2988827228546143,hybrid,log,8,20,25,1,0.5,1,1
mband_log_N8_F20_O25_FL0p7,1.4172279834747314,hybrid,log,8,20,25,1,0.7,1,1
mband_log_N8_F20_O25_FL0p8,1.2735705375671387,hybrid,log,8,20,25,1,0.8,1,1
mband_log_N8_F20_O50_FL0p5,1.4157745838165283,hybrid,log,8,20,50,1,0.5,1,1
mband_log_N8_F20_O50_FL0p7,1.464980125427246,hybrid,log,8,20,50,1,0.7,1,1
mband_log_N8_F20_O50_FL0p8,1.418471097946167,hybrid,log,8,20,50,1,0.8,1,1
mband_log_N8_F20_O75_FL0p5,1.827054500579834,hybrid,log,8,20,75,1,0.5,1,1
mband_log_N8_F20_O75_FL0p7,1.8145837783813477,hybrid,log,8,20,75,1,0.7,1,1
mband_log_N8_F20_O75_FL0p8,1.7505054473876953,hybrid,log,8,20,75,1,0.8,1,1
mband_log_N8_F25_O25_FL0p5,1.1521432399749756,hybrid,log,8,25,25,1,0.5,1,1
mband_log_N8_F25_O25_FL0p7,1.178359031677246,hybrid,log,8,25,25,1,0.7,1,1
mband_log_N8_F25_O25_FL0p8,1.2779266834259033,hybrid,log,8,25,25,1,0.8,1,1
mband_log_N8_F25_O50_FL0p5,1.3343420028686523,hybrid,log,8,25,50,1,0.5,1,1
mband_log_N8_F25_O50_FL0p7,1.312493085861206,hybrid,log,8,25,50,1,0.7,1,1
mband_log_N8_F25_O50_FL0p8,1.4017975330352783,hybrid,log,8,25,50,1,0.8,1,1
mband_log_N8_F25_O75_FL0p5,1.7634289264678955,hybrid,log,8,25,75,1,0.5,1,1
mband_log_N8_F25_O75_FL0p7,1.6582109928131104,hybrid,log,8,25,75,1,0.7,1,1
mband_log_N8_F25_O75_FL0p8,1.7347209453582764,hybrid,log,8,25,75,1,0.8,1,1
mband_log_N16_F8_O25_FL0p5,1.98079252243042,hybrid,log,16,8,25,1,0.5,1,1
mband_log_N16_F8_O25_FL0p7,1.8650939464569092,hybrid,log,16,8,25,1,0.7,1,1
mband_log_N16_F8_O25_FL0p8,1.8148300647735596,hybrid,log,16,8,25,1,0.8,1,1
mband_log_N16_F8_O50_FL0p5,2.385624408721924,hybrid,log,16,8,50,1,0.5,1,1
mband_log_N16_F8_O50_FL0p7,2.311157703399658,hybrid,log,16,8,50,1,0.7,1,1
mband_log_N16_F8_O50_FL0p8,2.3631956577301025,hybrid,log,16,8,50,1,0.8,1,1
mband_log_N16_F8_O75_FL0p5,3.611074686050415,hybrid,log,16,8,75,1,0.5,1,1
mband_log_N16_F8_O75_FL0p7,3.593094825744629,hybrid,log,16,8,75,1,0.7,1,1
mband_log_N16_F8_O75_FL0p8,3.6457436084747314,hybrid,log,16,8,75,1,0.8,1,1
mband_log_N16_F20_O25_FL0p5,1.3508484363555908,hybrid,log,16,20,25,1,0.5,1,1
mband_log_N16_F20_O25_FL0p7,1.3563497066497803,hybrid,log,16,20,25,1,0.7,1,1
mband_log_N16_F20_O25_FL0p8,1.441309928894043,hybrid,log,16,20,25,1,0.8,1,1
mband_log_N16_F20_O50_FL0p5,1.6108646392822266,hybrid,log,16,20,50,1,0.5,1,1
mband_log_N16_F20_O50_FL0p7,1.631453275680542,hybrid,log,16,20,50,1,0.7,1,1
mband_log_N16_F20_O50_FL0p8,1.564756155014038,hybrid,log,16,20,50,1,0.8,1,1
mband_log_N16_F20_O75_FL0p5,2.1265807151794434,hybrid,log,16,20,75,1,0.5,1,1
mband_log_N16_F20_O75_FL0p7,2.0699946880340576,hybrid,log,16,20,75,1,0.7,1,1
mband_log_N16_F20_O75_FL0p8,2.1982831954956055,hybrid,log,16,20,75,1,0.8,1,1
mband_log_N16_F25_O25_FL0p5,1.2889447212219238,hybrid,log,16,25,25,1,0.5,1,1
mband_log_N16_F25_O25_FL0p7,1.2330982685089111,hybrid,log,16,25,25,1,0.7,1,1
mband_log_N16_F25_O25_FL0p8,1.2959825992584229,hybrid,log,16,25,25,1,0.8,1,1
mband_log_N16_F25_O50_FL0p5,1.5096290111541748,hybrid,log,16,25,50,1,0.5,1,1
mband_log_N16_F25_O50_FL0p7,1.4992012977600098,hybrid,log,16,25,50,1,0.7,1,1
mband_log_N16_F25_O50_FL0p8,1.4964210987091064,hybrid,log,16,25,50,1,0.8,1,1
mband_log_N16_F25_O75_FL0p5,1.9230079650878906,hybrid,log,16,25,75,1,0.5,1,1
mband_log_N16_F25_O75_FL0p7,2.0268614292144775,hybrid,log,16,25,75,1,0.7,1,1
mband_log_N16_F25_O75_FL0p8,2.0326783657073975,hybrid,log,16,25,75,1,0.8,1,1
mband_mel_N4_F8_O25_FL0p5,1.5134141445159912,hybrid,mel,4,8,25,1,0.5,1,1
mband_mel_N4_F8_O25_FL0p7,1.5460448265075684,hybrid,mel,4,8,25,1,0.7,1,1
mband_mel_N4_F8_O25_FL0p8,1.5058610439300537,hybrid,mel,4,8,25,1,0.8,1,1
mband_mel_N4_F8_O50_FL0p5,1.676879644393921,hybrid,mel,4,8,50,1,0.5,1,1
mband_mel_N4_F8_O50_FL0p7,1.697906255722046,hybrid,mel,4,8,50,1,0.7,1,1
mband_mel_N4_F8_O50_FL0p8,1.722139596939087,hybrid,mel,4,8,50,1,0.8,1,1
mband_mel_N4_F8_O75_FL0p5,2.413931369781494,hybrid,mel,4,8,75,1,0.5,1,1
mband_mel_N4_F8_O75_FL0p7,2.3865606784820557,hybrid,mel,4,8,75,1,0.7,1,1
mband_mel_N4_F8_O75_FL0p8,2.361747980117798,hybrid,mel,4,8,75,1,0.8,1,1
mband_mel_N4_F20_O25_FL0p5,1.2394587993621826,hybrid,mel,4,20,25,1,0.5,1,1
mband_mel_N4_F20_O25_FL0p7,1.200770616531372,hybrid,mel,4,20,25,1,0.7,1,1
mband_mel_N4_F20_O25_FL0p8,1.2175264358520508,hybrid,mel,4,20,25,1,0.8,1,1
mband_mel_N4_F20_O50_FL0p5,1.317357063293457,hybrid,mel,4,20,50,1,0.5,1,1
mband_mel_N4_F20_O50_FL0p7,1.2919058799743652,hybrid,mel,4,20,50,1,0.7,1,1
mband_mel_N4_F20_O50_FL0p8,1.3626773357391357,hybrid,mel,4,20,50,1,0.8,1,1
mband_mel_N4_F20_O75_FL0p5,1.7001276016235352,hybrid,mel,4,20,75,1,0.5,1,1
mband_mel_N4_F20_O75_FL0p7,1.6732664108276367,hybrid,mel,4,20,75,1,0.7,1,1
mband_mel_N4_F20_O75_FL0p8,1.730912208557129,hybrid,mel,4,20,75,1,0.8,1,1
mband_mel_N4_F25_O25_FL0p5,1.134817361831665,hybrid,mel,4,25,25,1,0.5,1,1
mband_mel_N4_F25_O25_FL0p7,1.1829850673675537,hybrid,mel,4,25,25,1,0.7,1,1
mband_mel_N4_F25_O25_FL0p8,1.1790928840637207,hybrid,mel,4,25,25,1,0.8,1,1
mband_mel_N4_F25_O50_FL0p5,1.289219856262207,hybrid,mel,4,25,50,1,0.5,1,1
mband_mel_N4_F25_O50_FL0p7,1.2893085479736328,hybrid,mel,4,25,50,1,0.7,1,1
mband_mel_N4_F25_O50_FL0p8,1.2868831157684326,hybrid,mel,4,25,50,1,0.8,1,1
mband_mel_N4_F25_O75_FL0p5,1.4796850681304932,hybrid,mel,4,25,75,1,0.5,1,1
mband_mel_N4_F25_O75_FL0p7,1.5342841148376465,hybrid,mel,4,25,75,1,0.7,1,1
mband_mel_N4_F25_O75_FL0p8,1.5464439392089844,hybrid,mel,4,25,75,1,0.8,1,1
mband_mel_N8_F8_O25_FL0p5,1.6340219974517822,hybrid,mel,8,8,25,1,0.5,1,1
mband_mel_N8_F8_O25_FL0p7,1.6630821228027344,hybrid,mel,8,8,25,1,0.7,1,1
mband_mel_N8_F8_O25_FL0p8,1.6312332153320312,hybrid,mel,8,8,25,1,0.8,1,1
mband_mel_N8_F8_O50_FL0p5,1.9077434539794922,hybrid,mel,8,8,50,1,0.5,1,1
mband_mel_N8_F8_O50_FL0p7,1.8913612365722656,hybrid,mel,8,8,50,1,0.7,1,1
mband_mel_N8_F8_O50_FL0p8,1.8945562839508057,hybrid,mel,8,8,50,1,0.8,1,1
mband_mel_N8_F8_O75_FL0p5,2.770386219024658,hybrid,mel,8,8,75,1,0.5,1,1
mband_mel_N8_F8_O75_FL0p7,2.907782793045044,hybrid,mel,8,8,75,1,0.7,1,1
mband_mel_N8_F8_O75_FL0p8,2.8486859798431396,hybrid,mel,8,8,75,1,0.8,1,1
mband_mel_N8_F20_O25_FL0p5,1.3622126579284668,hybrid,mel,8,20,25,1,0.5,1,1
mband_mel_N8_F20_O25_FL0p7,1.3110020160675049,hybrid,mel,8,20,25,1,0.7,1,1
mband_mel_N8_F20_O25_FL0p8,1.2735037803649902,hybrid,mel,8,20,25,1,0.8,1,1
mband_mel_N8_F20_O50_FL0p5,1.4846417903900146,hybrid,mel,8,20,50,1,0.5,1,1
mband_mel_N8_F20_O50_FL0p7,1.5060555934906006,hybrid,mel,8,20,50,1,0.7,1,1
mband_mel_N8_F20_O50_FL0p8,1.389310598373413,hybrid,mel,8,20,50,1,0.8,1,1
mband_mel_N8_F20_O75_FL0p5,1.8195979595184326,hybrid,mel,8,20,75,1,0.5,1,1
mband_mel_N8_F20_O75_FL0p7,1.791306495666504,hybrid,mel,8,20,75,1,0.7,1,1
mband_mel_N8_F20_O75_FL0p8,1.811826467514038,hybrid,mel,8,20,75,1,0.8,1,1
mband_mel_N8_F25_O25_FL0p5,1.1548423767089844,hybrid,mel,8,25,25,1,0.5,1,1
mband_mel_N8_F25_O25_FL0p7,1.235334873199463,hybrid,mel,8,25,25,1,0.7,1,1
mband_mel_N8_F25_O25_FL0p8,1.2746257781982422,hybrid,mel,8,25,25,1,0.8,1,1
mband_mel_N8_F25_O50_FL0p5,1.335724115371704,hybrid,mel,8,25,50,1,0.5,1,1
mband_mel_N8_F25_O50_FL0p7,1.3121638298034668,hybrid,mel,8,25,50,1,0.7,1,1
mband_mel_N8_F25_O50_FL0p8,1.332362413406372,hybrid,mel,8,25,50,1,0.8,1,1
mband_mel_N8_F25_O75_FL0p5,1.711885690689087,hybrid,mel,8,25,75,1,0.5,1,1
mband_mel_N8_F25_O75_FL0p7,1.6658141613006592,hybrid,mel,8,25,75,1,0.7,1,1
mband_mel_N8_F25_O75_FL0p8,1.6695120334625244,hybrid,mel,8,25,75,1,0.8,1,1
mband_mel_N16_F8_O25_FL0p5,1.8957383632659912,hybrid,mel,16,8,25,1,0.5,1,1
mband_mel_N16_F8_O25_FL0p7,1.8847827911376953,hybrid,mel,16,8,25,1,0.7,1,1
mband_mel_N16_F8_O25_FL0p8,1.8875141143798828,hybrid,mel,16,8,25,1,0.8,1,1
mband_mel_N16_F8_O50_FL0p5,2.242032766342163,hybrid,mel,16,8,50,1,0.5,1,1
mband_mel_N16_F8_O50_FL0p7,2.301032304763794,hybrid,mel,16,8,50,1,0.7,1,1
mband_mel_N16_F8_O50_FL0p8,2.291461706161499,hybrid,mel,16,8,50,1,0.8,1,1
mband_mel_N16_F8_O75_FL0p5,3.446307420730591,hybrid,mel,16,8,75,1,0.5,1,1
mband_mel_N16_F8_O75_FL0p7,3.5714669227600098,hybrid,mel,16,8,75,1,0.7,1,1
mband_mel_N16_F8_O75_FL0p8,3.5853018760681152,hybrid,mel,16,8,75,1,0.8,1,1
mband_mel_N16_F20_O25_FL0p5,1.3266594409942627,hybrid,mel,16,20,25,1,0.5,1,1
mband_mel_N16_F20_O25_FL0p7,1.3389637470245361,hybrid,mel,16,20,25,1,0.7,1,1
mband_mel_N16_F20_O25_FL0p8,1.3903074264526367,hybrid,mel,16,20,25,1,0.8,1,1
mband_mel_N16_F20_O50_FL0p5,1.6333003044128418,hybrid,mel,16,20,50,1,0.5,1,1
mband_mel_N16_F20_O50_FL0p7,1.5593173503875732,hybrid,mel,16,20,50,1,0.7,1,1
mband_mel_N16_F20_O50_FL0p8,1.5904645919799805,hybrid,mel,16,20,50,1,0.8,1,1
mband_mel_N16_F20_O75_FL0p5,2.139307975769043,hybrid,mel,16,20,75,1,0.5,1,1
mband_mel_N16_F20_O75_FL0p7,2.0847723484039307,hybrid,mel,16,20,75,1,0.7,1,1
mband_mel_N16_F20_O75_FL0p8,2.157066822052002,hybrid,mel,16,20,75,1,0.8,1,1
mband_mel_N16_F25_O25_FL0p5,1.2764270305633545,hybrid,mel,16,25,25,1,0.5,1,1
mband_mel_N16_F25_O25_FL0p7,1.3366107940673828,hybrid,mel,16,25,25,1,0.7,1,1
mband_mel_N16_F25_O25_FL0p8,1.2871489524841309,hybrid,mel,16,25,25,1,0.8,1,1
mband_mel_N16_F25_O50_FL0p5,1.5110797882080078,hybrid,mel,16,25,50,1,0.5,1,1
mband_mel_N16_F25_O50_FL0p7,1.4117376804351807,hybrid,mel,16,25,50,1,0.7,1,1
mband_mel_N16_F25_O50_FL0p8,1.4711215496063232,hybrid,mel,16,25,50,1,0.8,1,1
mband_mel_N16_F25_O75_FL0p5,1.886864423751831,hybrid,mel,16,25,75,1,0.5,1,1
mband_mel_N16_F25_O75_FL0p7,1.920314073562622,hybrid,mel,16,25,75,1,0.7,1,1
mband_mel_N16_F25_O75_FL0p8,1.9133872985839844,hybrid,mel,16,25,75,1,0.8,1,1
mband_linear_N4_F8_O25_FL0p5,1.4452857971191406,hybrid,linear,4,8,25,1,0.5,1,1
mband_linear_N4_F8_O25_FL0p7,1.517164707183838,hybrid,linear,4,8,25,1,0.7,1,1
mband_linear_N4_F8_O25_FL0p8,1.5167436599731445,hybrid,linear,4,8,25,1,0.8,1,1
mband_linear_N4_F8_O50_FL0p5,1.678023338317871,hybrid,linear,4,8,50,1,0.5,1,1
mband_linear_N4_F8_O50_FL0p7,1.6502509117126465,hybrid,linear,4,8,50,1,0.7,1,1
mband_linear_N4_F8_O50_FL0p8,1.6841819286346436,hybrid,linear,4,8,50,1,0.8,1,1
mband_linear_N4_F8_O75_FL0p5,2.374697685241699,hybrid,linear,4,8,75,1,0.5,1,1
mband_linear_N4_F8_O75_FL0p7,2.5198285579681396,hybrid,linear,4,8,75,1,0.7,1,1
mband_linear_N4_F8_O75_FL0p8,2.3977842330932617,hybrid,linear,4,8,75,1,0.8,1,1
mband_linear_N4_F20_O25_FL0p5,1.2258574962615967,hybrid,linear,4,20,25,1,0.5,1,1
mband_linear_N4_F20_O25_FL0p7,1.257246732711792,hybrid,linear,4,20,25,1,0.7,1,1
mband_linear_N4_F20_O25_FL0p8,1.2828364372253418,hybrid,linear,4,20,25,1,0.8,1,1
mband_linear_N4_F20_O50_FL0p5,1.2441942691802979,hybrid,linear,4,20,50,1,0.5,1,1
mband_linear_N4_F20_O50_FL0p7,1.3415749073028564,hybrid,linear,4,20,50,1,0.7,1,1
mband_linear_N4_F20_O50_FL0p8,1.331909418106079,hybrid,linear,4,20,50,1,0.8,1,1
mband_linear_N4_F20_O75_FL0p5,1.6718122959136963,hybrid,linear,4,20,75,1,0.5,1,1
mband_linear_N4_F20_O75_FL0p7,1.7453229427337646,hybrid,linear,4,20,75,1,0.7,1,1
mband_linear_N4_F20_O75_FL0p8,1.7041246891021729,hybrid,linear,4,20,75,1,0.8,1,1
mband_linear_N4_F25_O25_FL0p5,1.1707909107208252,hybrid,linear,4,25,25,1,0.5,1,1
mband_linear_N4_F25_O25_FL0p7,1.1458070278167725,hybrid,linear,4,25,25,1,0.7,1,1
mband_linear_N4_F25_O25_FL0p8,1.1430344581604004,hybrid,linear,4,25,25,1,0.8,1,1
mband_linear_N4_F25_O50_FL0p5,1.3081142902374268,hybrid,linear,4,25,50,1,0.5,1,1
mband_linear_N4_F25_O50_FL0p7,1.2534773349761963,hybrid,linear,4,25,50,1,0.7,1,1
mband_linear_N4_F25_O50_FL0p8,1.1990723609924316,hybrid,linear,4,25,50,1,0.8,1,1
mband_linear_N4_F25_O75_FL0p5,1.4893479347229004,hybrid,linear,4,25,75,1,0.5,1,1
mband_linear_N4_F25_O75_FL0p7,1.498236894607544,hybrid,linear,4,25,75,1,0.7,1,1
mband_linear_N4_F25_O75_FL0p8,1.4790325164794922,hybrid,linear,4,25,75,1,0.8,1,1
mband_linear_N8_F8_O25_FL0p5,1.6085081100463867,hybrid,linear,8,8,25,1,0.5,1,1
mband_linear_N8_F8_O25_FL0p7,1.6009392738342285,hybrid,linear,8,8,25,1,0.7,1,1
mband_linear_N8_F8_O25_FL0p8,1.5505287647247314,hybrid,linear,8,8,25,1,0.8,1,1
mband_linear_N8_F8_O50_FL0p5,1.8131966590881348,hybrid,linear,8,8,50,1,0.5,1,1
mband_linear_N8_F8_O50_FL0p7,1.8694767951965332,hybrid,linear,8,8,50,1,0.7,1,1
mband_linear_N8_F8_O50_FL0p8,1.9026803970336914,hybrid,linear,8,8,50,1,0.8,1,1
mband_linear_N8_F8_O75_FL0p5,2.725205183029175,hybrid,linear,8,8,75,1,0.5,1,1
mband_linear_N8_F8_O75_FL0p7,2.724755048751831,hybrid,linear,8,8,75,1,0.7,1,1
mband_linear_N8_F8_O75_FL0p8,2.742814064025879,hybrid,linear,8,8,75,1,0.8,1,1
mband_linear_N8_F20_O25_FL0p5,1.3207943439483643,hybrid,linear,8,20,25,1,0.5,1,1
mband_linear_N8_F20_O25_FL0p7,1.2651431560516357,hybrid,linear,8,20,25,1,0.7,1,1
mband_linear_N8_F20_O25_FL0p8,1.2233219146728516,hybrid,linear,8,20,25,1,0.8,1,1
mband_linear_N8_F20_O50_FL0p5,1.3830416202545166,hybrid,linear,8,20,50,1,0.5,1,1
mband_linear_N8_F20_O50_FL0p7,1.4464819431304932,hybrid,linear,8,20,50,1,0.7,1,1
mband_linear_N8_F20_O50_FL0p8,1.3610591888427734,hybrid,linear,8,20,50,1,0.8,1,1
mband_linear_N8_F20_O75_FL0p5,1.7617356777191162,hybrid,linear,8,20,75,1,0.5,1,1
mband_linear_N8_F20_O75_FL0p7,1.718517780303955,hybrid,linear,8,20,75,1,0.7,1,1
mband_linear_N8_F20_O75_FL0p8,1.8491675853729248,hybrid,linear,8,20,75,1,0.8,1,1
mband_linear_N8_F25_O25_FL0p5,1.1483335494995117,hybrid,linear,8,25,25,1,0.5,1,1
mband_linear_N8_F25_O25_FL0p7,1.2381360530853271,hybrid,linear,8,25,25,1,0.7,1,1
mband_linear_N8_F25_O25_FL0p8,1.1849570274353027,hybrid,linear,8,25,25,1,0.8,1,1
mband_linear_N8_F25_O50_FL0p5,1.374814510345459,hybrid,linear,8,25,50,1,0.5,1,1
mband_linear_N8_F25_O50_FL0p7,1.3706867694854736,hybrid,linear,8,25,50,1,0.7,1,1
mband_linear_N8_F25_O50_FL0p8,1.2927086353302002,hybrid,linear,8,25,50,1,0.8,1,1
mband_linear_N8_F25_O75_FL0p5,1.6239933967590332,hybrid,linear,8,25,75,1,0.5,1,1
mband_linear_N8_F25_O75_FL0p7,1.6784441471099854,hybrid,linear,8,25,75,1,0.7,1,1
mband_linear_N8_F25_O75_FL0p8,1.6705305576324463,hybrid,linear,8,25,75,1,0.8,1,1
mband_linear_N16_F8_O25_FL0p5,1.7832350730895996,hybrid,linear,16,8,25,1,0.5,1,1
mband_linear_N16_F8_O25_FL0p7,1.8218283653259277,hybrid,linear,16,8,25,1,0.7,1,1
mband_linear_N16_F8_O25_FL0p8,1.7905199527740479,hybrid,linear,16,8,25,1,0.8,1,1
mband_linear_N16_F8_O50_FL0p5,2.2750535011291504,hybrid,linear,16,8,50,1,0.5,1,1
mband_linear_N16_F8_O50_FL0p7,2.2529137134552,hybrid,linear,16,8,50,1,0.7,1,1
mband_linear_N16_F8_O50_FL0p8,2.2553868293762207,hybrid,linear,16,8,50,1,0.8,1,1
mband_linear_N16_F8_O75_FL0p5,3.5749924182891846,hybrid,linear,16,8,75,1,0.5,1,1
mband_linear_N16_F8_O75_FL0p7,3.5300381183624268,hybrid,linear,16,8,75,1,0.7,1,1
mband_linear_N16_F8_O75_FL0p8,3.466251850128174,hybrid,linear,16,8,75,1,0.8,1,1
mband_linear_N16_F20_O25_FL0p5,1.3765795230865479,hybrid,linear,16,20,25,1,0.5,1,1
mband_linear_N16_F20_O25_FL0p7,1.393031120300293,hybrid,linear,16,20,25,1,0.7,1,1
mband_linear_N16_F20_O25_FL0p8,1.3986868858337402,hybrid,linear,16,20,25,1,0.8,1,1
mband_linear_N16_F20_O50_FL0p5,1.5850400924682617,hybrid,linear,16,20,50,1,0.5,1,1
mband_linear_N16_F20_O50_FL0p7,1.6493897438049316,hybrid,linear,16,20,50,1,0.7,1,1
mband_linear_N16_F20_O50_FL0p8,1.4855866432189941,hybrid,linear,16,20,50,1,0.8,1,1
mband_linear_N16_F20_O75_FL0p5,2.0130317211151123,hybrid,linear,16,20,75,1,0.5,1,1
mband_linear_N16_F20_O75_FL0p7,1.9961705207824707,hybrid,linear,16,20,75,1,0.7,1,1
mband_linear_N16_F20_O75_FL0p8,2.0511281490325928,hybrid,linear,16,20,75,1,0.8,1,1
mband_linear_N16_F25_O25_FL0p5,1.2517662048339844,hybrid,linear,16,25,25,1,0.5,1,1
mband_linear_N16_F25_O25_FL0p7,1.3014812469482422,hybrid,linear,16,25,25,1,0.7,1,1
mband_linear_N16_F25_O25_FL0p8,1.306899070739746,hybrid,linear,16,25,25,1,0.8,1,1
mband_linear_N16_F25_O50_FL0p5,1.459233283996582,hybrid,linear,16,25,50,1,0.5,1,1
mband_linear_N16_F25_O50_FL0p7,1.39371657371521,hybrid,linear,16,25,50,1,0.7,1,1
mband_linear_N16_F25_O50_FL0p8,1.3713715076446533,hybrid,linear,16,25,50,1,0.8,1,1
mband_linear_N16_F25_O75_FL0p5,1.8208897113800049,hybrid,linear,16,25,75,1,0.5,1,1
mband_linear_N16_F25_O75_FL0p7,1.7831754684448242,hybrid,linear,16,25,75,1,0.7,1,1
mband_linear_N16_F25_O75_FL0p8,1.8257887363433838,hybrid,linear,16,25,75,1,0.8,1,1
