Config_ID,Freq_spacing,Nband,FRMSZ_ms,OVLP,Floor,Noisefr,PESQ,STOI,SI_SDR,DNSMOS_mos_ovr
mband_linear_N16_F20_O25_FL0p001,linear,16,20,25,0.001,1,1.6418,0.7308,8.5928,3.4956
mband_linear_N16_F20_O25_FL0p3,linear,16,20,25,0.3,1,1.6713,0.7404,8.786,3.4547
mband_linear_N16_F20_O25_FL0p5,linear,16,20,25,0.5,1,1.6861,0.741,8.9788,3.5301
mband_linear_N16_F20_O25_FL0p7,linear,16,20,25,0.7,1,1.6937,0.7389,8.9387,3.4399
mband_linear_N16_F20_O25_FL0p8,linear,16,20,25,0.8,1,1.709,0.7387,9.0739,3.4719
mband_linear_N16_F20_O50_FL0p001,linear,16,20,50,0.001,1,1.7852,0.7394,10.2464,3.3753
mband_linear_N16_F20_O50_FL0p3,linear,16,20,50,0.3,1,1.8347,0.7428,10.6115,3.4247
mband_linear_N16_F20_O50_FL0p5,linear,16,20,50,0.5,1,1.8371,0.746,10.6194,3.345
mband_linear_N16_F20_O50_FL0p7,linear,16,20,50,0.7,1,1.856,0.7466,10.6911,3.3652
mband_linear_N16_F20_O50_FL0p8,linear,16,20,50,0.8,1,1.853,0.7426,10.5495,3.3713
mband_linear_N16_F20_O75_FL0p001,linear,16,20,75,0.001,1,1.84,0.7393,10.9654,3.1294
mband_linear_N16_F20_O75_FL0p3,linear,16,20,75,0.3,1,1.8896,0.7403,11.3608,3.2108
mband_linear_N16_F20_O75_FL0p5,linear,16,20,75,0.5,1,1.885,0.7463,11.4163,3.2225
mband_linear_N16_F20_O75_FL0p7,linear,16,20,75,0.7,1,1.8756,0.7497,11.5609,3.1762
mband_linear_N16_F20_O75_FL0p8,linear,16,20,75,0.8,1,1.8793,0.7452,11.8322,3.2421
mband_linear_N16_F25_O25_FL0p001,linear,16,25,25,0.001,1,1.5923,0.7249,7.8048,3.4855
mband_linear_N16_F25_O25_FL0p3,linear,16,25,25,0.3,1,1.6383,0.7314,8.231,3.5113
mband_linear_N16_F25_O25_FL0p5,linear,16,25,25,0.5,1,1.6341,0.7316,8.2422,3.5185
mband_linear_N16_F25_O25_FL0p7,linear,16,25,25,0.7,1,1.6468,0.7325,8.2899,3.4414
mband_linear_N16_F25_O25_FL0p8,linear,16,25,25,0.8,1,1.6429,0.7334,8.3559,3.4267
mband_linear_N16_F25_O50_FL0p001,linear,16,25,50,0.001,1,1.766,0.7394,9.6432,3.373
mband_linear_N16_F25_O50_FL0p3,linear,16,25,50,0.3,1,1.8052,0.7413,10.1043,3.4296
mband_linear_N16_F25_O50_FL0p5,linear,16,25,50,0.5,1,1.8144,0.7403,10.1477,3.4607
mband_linear_N16_F25_O50_FL0p7,linear,16,25,50,0.7,1,1.8156,0.7439,10.2606,3.3978
mband_linear_N16_F25_O50_FL0p8,linear,16,25,50,0.8,1,1.8162,0.7521,10.4739,3.4768
mband_linear_N16_F25_O75_FL0p001,linear,16,25,75,0.001,1,1.8284,0.7354,10.6481,3.2075
mband_linear_N16_F25_O75_FL0p3,linear,16,25,75,0.3,1,1.8641,0.7464,11.1278,3.2262
mband_linear_N16_F25_O75_FL0p5,linear,16,25,75,0.5,1,1.8609,0.7463,11.3888,3.2485
mband_linear_N16_F25_O75_FL0p7,linear,16,25,75,0.7,1,1.8966,0.7487,11.7815,3.344
mband_linear_N16_F25_O75_FL0p8,linear,16,25,75,0.8,1,1.8795,0.7505,11.5608,3.285
mband_linear_N16_F8_O25_FL0p001,linear,16,8,25,0.001,1,1.6456,0.7311,10.2161,3.1329
mband_linear_N16_F8_O25_FL0p3,linear,16,8,25,0.3,1,1.7095,0.7356,10.5463,3.0869
mband_linear_N16_F8_O25_FL0p5,linear,16,8,25,0.5,1,1.7315,0.7422,10.6836,3.2281
mband_linear_N16_F8_O25_FL0p7,linear,16,8,25,0.7,1,1.7332,0.7434,10.6351,3.1446
mband_linear_N16_F8_O25_FL0p8,linear,16,8,25,0.8,1,1.7319,0.7429,10.6727,3.1843
mband_linear_N16_F8_O50_FL0p001,linear,16,8,50,0.001,1,1.7787,0.7358,10.9364,3.2113
mband_linear_N16_F8_O50_FL0p3,linear,16,8,50,0.3,1,1.8345,0.7445,11.4354,3.2205
mband_linear_N16_F8_O50_FL0p5,linear,16,8,50,0.5,1,1.8531,0.7437,11.4694,3.2365
mband_linear_N16_F8_O50_FL0p7,linear,16,8,50,0.7,1,1.861,0.7433,11.3799,3.2825
mband_linear_N16_F8_O50_FL0p8,linear,16,8,50,0.8,1,1.8494,0.7458,11.4002,3.2013
mband_linear_N16_F8_O75_FL0p001,linear,16,8,75,0.001,1,1.8203,0.7373,11.4434,3.1588
mband_linear_N16_F8_O75_FL0p3,linear,16,8,75,0.3,1,1.8629,0.7432,11.7336,3.1125
mband_linear_N16_F8_O75_FL0p5,linear,16,8,75,0.5,1,1.8627,0.744,11.7769,3.1373
mband_linear_N16_F8_O75_FL0p7,linear,16,8,75,0.7,1,1.8618,0.7458,11.5659,3.1057
mband_linear_N16_F8_O75_FL0p8,linear,16,8,75,0.8,1,1.862,0.7469,11.9433,3.1665
mband_linear_N4_F20_O25_FL0p001,linear,4,20,25,0.001,1,1.6349,0.7288,8.4055,3.4888
mband_linear_N4_F20_O25_FL0p3,linear,4,20,25,0.3,1,1.6871,0.7384,8.932,3.552
mband_linear_N4_F20_O25_FL0p5,linear,4,20,25,0.5,1,1.6898,0.734,9.0016,3.5441
mband_linear_N4_F20_O25_FL0p7,linear,4,20,25,0.7,1,1.7065,0.7329,8.9044,3.435
mband_linear_N4_F20_O25_FL0p8,linear,4,20,25,0.8,1,1.7118,0.7401,9.1191,3.4771
mband_linear_N4_F20_O50_FL0p001,linear,4,20,50,0.001,1,1.7963,0.7356,10.143,3.4293
mband_linear_N4_F20_O50_FL0p3,linear,4,20,50,0.3,1,1.8315,0.7435,10.489,3.498
mband_linear_N4_F20_O50_FL0p5,linear,4,20,50,0.5,1,1.8567,0.7392,10.6131,3.4027
mband_linear_N4_F20_O50_FL0p7,linear,4,20,50,0.7,1,1.8745,0.7499,10.8345,3.4076
mband_linear_N4_F20_O50_FL0p8,linear,4,20,50,0.8,1,1.8494,0.7452,10.6051,3.4517
mband_linear_N4_F20_O75_FL0p001,linear,4,20,75,0.001,1,1.8511,0.7456,10.8731,3.1269
mband_linear_N4_F20_O75_FL0p3,linear,4,20,75,0.3,1,1.8929,0.7505,11.5853,3.2231
mband_linear_N4_F20_O75_FL0p5,linear,4,20,75,0.5,1,1.8981,0.7519,11.6282,3.2361
mband_linear_N4_F20_O75_FL0p7,linear,4,20,75,0.7,1,1.9028,0.7485,11.9557,3.2562
mband_linear_N4_F20_O75_FL0p8,linear,4,20,75,0.8,1,1.8981,0.7505,11.6947,3.2245
mband_linear_N4_F25_O25_FL0p001,linear,4,25,25,0.001,1,1.5961,0.7283,7.9259,3.3931
mband_linear_N4_F25_O25_FL0p3,linear,4,25,25,0.3,1,1.624,0.7312,8.1569,3.5011
mband_linear_N4_F25_O25_FL0p5,linear,4,25,25,0.5,1,1.6345,0.7344,8.3298,3.5178
mband_linear_N4_F25_O25_FL0p7,linear,4,25,25,0.7,1,1.6474,0.7337,8.4113,3.4998
mband_linear_N4_F25_O25_FL0p8,linear,4,25,25,0.8,1,1.657,0.7334,8.4081,3.5003
mband_linear_N4_F25_O50_FL0p001,linear,4,25,50,0.001,1,1.7654,0.7338,9.7375,3.4305
mband_linear_N4_F25_O50_FL0p3,linear,4,25,50,0.3,1,1.7848,0.7387,9.9505,3.4493
mband_linear_N4_F25_O50_FL0p5,linear,4,25,50,0.5,1,1.8115,0.7395,10.1876,3.4214
mband_linear_N4_F25_O50_FL0p7,linear,4,25,50,0.7,1,1.8099,0.7451,10.1453,3.4135
mband_linear_N4_F25_O50_FL0p8,linear,4,25,50,0.8,1,1.808,0.7439,10.3398,3.4086
mband_linear_N4_F25_O75_FL0p001,linear,4,25,75,0.001,1,1.8418,0.7353,10.848,3.1761
mband_linear_N4_F25_O75_FL0p3,linear,4,25,75,0.3,1,1.8654,0.7457,11.272,3.2474
mband_linear_N4_F25_O75_FL0p5,linear,4,25,75,0.5,1,1.8622,0.7461,11.5055,3.2876
mband_linear_N4_F25_O75_FL0p7,linear,4,25,75,0.7,1,1.8748,0.7475,11.4584,3.1782
mband_linear_N4_F25_O75_FL0p8,linear,4,25,75,0.8,1,1.8717,0.7489,11.5247,3.2271
mband_linear_N4_F8_O25_FL0p001,linear,4,8,25,0.001,1,1.6518,0.7347,10.1204,3.2054
mband_linear_N4_F8_O25_FL0p3,linear,4,8,25,0.3,1,1.7066,0.7351,10.3853,3.112
mband_linear_N4_F8_O25_FL0p5,linear,4,8,25,0.5,1,1.7245,0.7442,10.6743,3.1282
mband_linear_N4_F8_O25_FL0p7,linear,4,8,25,0.7,1,1.7187,0.7376,10.6163,3.093
mband_linear_N4_F8_O25_FL0p8,linear,4,8,25,0.8,1,1.7222,0.7441,10.7439,3.1699
mband_linear_N4_F8_O50_FL0p001,linear,4,8,50,0.001,1,1.8,0.7311,10.9915,3.2387
mband_linear_N4_F8_O50_FL0p3,linear,4,8,50,0.3,1,1.848,0.7382,11.2312,3.1585
mband_linear_N4_F8_O50_FL0p5,linear,4,8,50,0.5,1,1.842,0.7401,11.2121,3.1944
mband_linear_N4_F8_O50_FL0p7,linear,4,8,50,0.7,1,1.8437,0.7391,11.2778,3.2094
mband_linear_N4_F8_O50_FL0p8,linear,4,8,50,0.8,1,1.8646,0.7419,11.6499,3.1514
mband_linear_N4_F8_O75_FL0p001,linear,4,8,75,0.001,1,1.833,0.7335,11.3262,3.1525
mband_linear_N4_F8_O75_FL0p3,linear,4,8,75,0.3,1,1.8804,0.7441,11.7773,3.096
mband_linear_N4_F8_O75_FL0p5,linear,4,8,75,0.5,1,1.8755,0.7444,11.7181,3.1911
mband_linear_N4_F8_O75_FL0p7,linear,4,8,75,0.7,1,1.8738,0.747,11.9622,3.1816
mband_linear_N4_F8_O75_FL0p8,linear,4,8,75,0.8,1,1.8848,0.7447,11.9333,3.1471
mband_linear_N8_F20_O25_FL0p001,linear,8,20,25,0.001,1,1.6397,0.7276,8.6428,3.4675
mband_linear_N8_F20_O25_FL0p3,linear,8,20,25,0.3,1,1.6835,0.7378,8.9473,3.467
mband_linear_N8_F20_O25_FL0p5,linear,8,20,25,0.5,1,1.6954,0.7398,8.9466,3.3936
mband_linear_N8_F20_O25_FL0p7,linear,8,20,25,0.7,1,1.6967,0.7356,8.9668,3.3928
mband_linear_N8_F20_O25_FL0p8,linear,8,20,25,0.8,1,1.7045,0.7409,9.0373,3.4279
mband_linear_N8_F20_O50_FL0p001,linear,8,20,50,0.001,1,1.803,0.7381,9.9651,3.3711
mband_linear_N8_F20_O50_FL0p3,linear,8,20,50,0.3,1,1.8284,0.7454,10.5949,3.3914
mband_linear_N8_F20_O50_FL0p5,linear,8,20,50,0.5,1,1.8437,0.7407,10.6467,3.4522
mband_linear_N8_F20_O50_FL0p7,linear,8,20,50,0.7,1,1.8507,0.7414,10.63,3.3838
mband_linear_N8_F20_O50_FL0p8,linear,8,20,50,0.8,1,1.8489,0.746,10.639,3.398
mband_linear_N8_F20_O75_FL0p001,linear,8,20,75,0.001,1,1.8451,0.741,10.9551,3.1291
mband_linear_N8_F20_O75_FL0p3,linear,8,20,75,0.3,1,1.8782,0.7468,11.5718,3.2201
mband_linear_N8_F20_O75_FL0p5,linear,8,20,75,0.5,1,1.8881,0.7445,11.7241,3.1555
mband_linear_N8_F20_O75_FL0p7,linear,8,20,75,0.7,1,1.9012,0.751,11.724,3.2125
mband_linear_N8_F20_O75_FL0p8,linear,8,20,75,0.8,1,1.8991,0.7471,11.7232,3.1688
mband_linear_N8_F25_O25_FL0p001,linear,8,25,25,0.001,1,1.5867,0.7242,8.0323,3.5343
mband_linear_N8_F25_O25_FL0p3,linear,8,25,25,0.3,1,1.6299,0.7316,8.1082,3.5244
mband_linear_N8_F25_O25_FL0p5,linear,8,25,25,0.5,1,1.641,0.7299,8.211,3.4351
mband_linear_N8_F25_O25_FL0p7,linear,8,25,25,0.7,1,1.6414,0.7332,8.3325,3.4785
mband_linear_N8_F25_O25_FL0p8,linear,8,25,25,0.8,1,1.6583,0.7368,8.3841,3.4569
mband_linear_N8_F25_O50_FL0p001,linear,8,25,50,0.001,1,1.7424,0.7321,9.6224,3.4161
mband_linear_N8_F25_O50_FL0p3,linear,8,25,50,0.3,1,1.8014,0.742,10.0793,3.4229
mband_linear_N8_F25_O50_FL0p5,linear,8,25,50,0.5,1,1.8135,0.7407,10.1964,3.3849
mband_linear_N8_F25_O50_FL0p7,linear,8,25,50,0.7,1,1.7991,0.7462,10.2206,3.3649
mband_linear_N8_F25_O50_FL0p8,linear,8,25,50,0.8,1,1.8304,0.7452,10.5011,3.4507
mband_linear_N8_F25_O75_FL0p001,linear,8,25,75,0.001,1,1.8341,0.737,10.6985,3.1781
mband_linear_N8_F25_O75_FL0p3,linear,8,25,75,0.3,1,1.8855,0.7491,11.2824,3.2921
mband_linear_N8_F25_O75_FL0p5,linear,8,25,75,0.5,1,1.8638,0.7466,11.4848,3.2859
mband_linear_N8_F25_O75_FL0p7,linear,8,25,75,0.7,1,1.8889,0.7425,11.5492,3.2586
mband_linear_N8_F25_O75_FL0p8,linear,8,25,75,0.8,1,1.8627,0.7449,11.4798,3.2272
mband_linear_N8_F8_O25_FL0p001,linear,8,8,25,0.001,1,1.6509,0.7261,9.8961,3.1712
mband_linear_N8_F8_O25_FL0p3,linear,8,8,25,0.3,1,1.6978,0.7404,10.2101,3.1833
mband_linear_N8_F8_O25_FL0p5,linear,8,8,25,0.5,1,1.7219,0.7411,10.5622,3.1207
mband_linear_N8_F8_O25_FL0p7,linear,8,8,25,0.7,1,1.7308,0.7424,10.698,3.1826
mband_linear_N8_F8_O25_FL0p8,linear,8,8,25,0.8,1,1.7328,0.7456,10.9465,3.2161
mband_linear_N8_F8_O50_FL0p001,linear,8,8,50,0.001,1,1.7764,0.7287,10.8963,3.209
mband_linear_N8_F8_O50_FL0p3,linear,8,8,50,0.3,1,1.8217,0.7391,11.0225,3.2562
mband_linear_N8_F8_O50_FL0p5,linear,8,8,50,0.5,1,1.84,0.7411,11.2638,3.1818
mband_linear_N8_F8_O50_FL0p7,linear,8,8,50,0.7,1,1.8338,0.7449,11.3377,3.169
mband_linear_N8_F8_O50_FL0p8,linear,8,8,50,0.8,1,1.8417,0.7462,11.4727,3.1959
mband_linear_N8_F8_O75_FL0p001,linear,8,8,75,0.001,1,1.838,0.7414,11.565,3.152
mband_linear_N8_F8_O75_FL0p3,linear,8,8,75,0.3,1,1.8607,0.7463,11.9294,3.1597
mband_linear_N8_F8_O75_FL0p5,linear,8,8,75,0.5,1,1.8667,0.7405,11.6928,3.1041
mband_linear_N8_F8_O75_FL0p7,linear,8,8,75,0.7,1,1.8581,0.7416,11.7319,3.119
mband_linear_N8_F8_O75_FL0p8,linear,8,8,75,0.8,1,1.8706,0.7419,11.7002,3.1626
mband_log_N16_F20_O25_FL0p001,log,16,20,25,0.001,1,1.6606,0.7316,8.475,3.4536
mband_log_N16_F20_O25_FL0p3,log,16,20,25,0.3,1,1.6888,0.7357,8.8888,3.3677
mband_log_N16_F20_O25_FL0p5,log,16,20,25,0.5,1,1.7082,0.7416,8.8766,3.4548
mband_log_N16_F20_O25_FL0p7,log,16,20,25,0.7,1,1.7134,0.7427,9.041,3.3927
mband_log_N16_F20_O25_FL0p8,log,16,20,25,0.8,1,1.706,0.7369,9.0271,3.4264
mband_log_N16_F20_O50_FL0p001,log,16,20,50,0.001,1,1.792,0.7362,9.8131,3.4118
mband_log_N16_F20_O50_FL0p3,log,16,20,50,0.3,1,1.8327,0.7445,10.4094,3.3546
mband_log_N16_F20_O50_FL0p5,log,16,20,50,0.5,1,1.8392,0.7424,10.5442,3.4626
mband_log_N16_F20_O50_FL0p7,log,16,20,50,0.7,1,1.8443,0.7437,10.7234,3.5325
mband_log_N16_F20_O50_FL0p8,log,16,20,50,0.8,1,1.867,0.75,10.7663,3.4681
mband_log_N16_F20_O75_FL0p001,log,16,20,75,0.001,1,1.8381,0.7421,10.6894,3.1809
mband_log_N16_F20_O75_FL0p3,log,16,20,75,0.3,1,1.8718,0.747,11.4225,3.191
mband_log_N16_F20_O75_FL0p5,log,16,20,75,0.5,1,1.8819,0.7431,11.6069,3.1634
mband_log_N16_F20_O75_FL0p7,log,16,20,75,0.7,1,1.8923,0.7439,11.7129,3.1893
mband_log_N16_F20_O75_FL0p8,log,16,20,75,0.8,1,1.8798,0.7473,11.5509,3.2548
mband_log_N16_F25_O25_FL0p001,log,16,25,25,0.001,1,1.5972,0.7246,7.8608,3.5129
mband_log_N16_F25_O25_FL0p3,log,16,25,25,0.3,1,1.6337,0.7317,8.1554,3.5042
mband_log_N16_F25_O25_FL0p5,log,16,25,25,0.5,1,1.6426,0.7331,8.2732,3.484
mband_log_N16_F25_O25_FL0p7,log,16,25,25,0.7,1,1.6526,0.7362,8.2897,3.5093
mband_log_N16_F25_O25_FL0p8,log,16,25,25,0.8,1,1.6461,0.7361,8.3897,3.4062
mband_log_N16_F25_O50_FL0p001,log,16,25,50,0.001,1,1.7728,0.7325,9.3818,3.5514
mband_log_N16_F25_O50_FL0p3,log,16,25,50,0.3,1,1.7993,0.7418,9.9958,3.4186
mband_log_N16_F25_O50_FL0p5,log,16,25,50,0.5,1,1.8271,0.7456,10.1034,3.5595
mband_log_N16_F25_O50_FL0p7,log,16,25,50,0.7,1,1.802,0.7397,10.2504,3.4648
mband_log_N16_F25_O50_FL0p8,log,16,25,50,0.8,1,1.7994,0.7455,10.3749,3.4193
mband_log_N16_F25_O75_FL0p001,log,16,25,75,0.001,1,1.8459,0.741,10.5333,3.2494
mband_log_N16_F25_O75_FL0p3,log,16,25,75,0.3,1,1.8573,0.7384,11.0801,3.1891
mband_log_N16_F25_O75_FL0p5,log,16,25,75,0.5,1,1.8824,0.7467,11.4262,3.2558
mband_log_N16_F25_O75_FL0p7,log,16,25,75,0.7,1,1.8932,0.7461,11.4339,3.2783
mband_log_N16_F25_O75_FL0p8,log,16,25,75,0.8,1,1.89,0.7463,11.6493,3.2742
mband_log_N16_F8_O25_FL0p001,log,16,8,25,0.001,1,1.6438,0.7326,9.9173,3.1499
mband_log_N16_F8_O25_FL0p3,log,16,8,25,0.3,1,1.7242,0.7366,10.4152,3.159
mband_log_N16_F8_O25_FL0p5,log,16,8,25,0.5,1,1.7255,0.7439,10.5724,3.1618
mband_log_N16_F8_O25_FL0p7,log,16,8,25,0.7,1,1.7349,0.7471,10.8306,3.1831
mband_log_N16_F8_O25_FL0p8,log,16,8,25,0.8,1,1.7338,0.7461,10.6635,3.1305
mband_log_N16_F8_O50_FL0p001,log,16,8,50,0.001,1,1.7715,0.731,10.5786,3.2018
mband_log_N16_F8_O50_FL0p3,log,16,8,50,0.3,1,1.8461,0.7441,11.2585,3.2819
mband_log_N16_F8_O50_FL0p5,log,16,8,50,0.5,1,1.8374,0.7445,11.225,3.1483
mband_log_N16_F8_O50_FL0p7,log,16,8,50,0.7,1,1.8554,0.7461,11.3762,3.2004
mband_log_N16_F8_O50_FL0p8,log,16,8,50,0.8,1,1.8671,0.7451,11.5203,3.1775
mband_log_N16_F8_O75_FL0p001,log,16,8,75,0.001,1,1.8219,0.7363,11.064,3.1797
mband_log_N16_F8_O75_FL0p3,log,16,8,75,0.3,1,1.856,0.7406,11.3813,3.1276
mband_log_N16_F8_O75_FL0p5,log,16,8,75,0.5,1,1.854,0.7419,11.6646,3.1556
mband_log_N16_F8_O75_FL0p7,log,16,8,75,0.7,1,1.8758,0.7461,12.0466,3.1512
mband_log_N16_F8_O75_FL0p8,log,16,8,75,0.8,1,1.8818,0.7495,11.945,3.1951
mband_log_N4_F20_O25_FL0p001,log,4,20,25,0.001,1,1.6546,0.7265,8.4383,3.5195
mband_log_N4_F20_O25_FL0p3,log,4,20,25,0.3,1,1.6974,0.7343,8.9241,3.5257
mband_log_N4_F20_O25_FL0p5,log,4,20,25,0.5,1,1.6944,0.7349,8.8689,3.4331
mband_log_N4_F20_O25_FL0p7,log,4,20,25,0.7,1,1.7031,0.736,9.0056,3.4709
mband_log_N4_F20_O25_FL0p8,log,4,20,25,0.8,1,1.7035,0.7336,8.9605,3.4735
mband_log_N4_F20_O50_FL0p001,log,4,20,50,0.001,1,1.8007,0.7386,9.8868,3.4297
mband_log_N4_F20_O50_FL0p3,log,4,20,50,0.3,1,1.8409,0.7421,10.346,3.4362
mband_log_N4_F20_O50_FL0p5,log,4,20,50,0.5,1,1.856,0.7477,10.6921,3.4744
mband_log_N4_F20_O50_FL0p7,log,4,20,50,0.7,1,1.8353,0.741,10.6402,3.4212
mband_log_N4_F20_O50_FL0p8,log,4,20,50,0.8,1,1.8482,0.7409,10.4429,3.3629
mband_log_N4_F20_O75_FL0p001,log,4,20,75,0.001,1,1.8565,0.7333,10.5928,3.1645
mband_log_N4_F20_O75_FL0p3,log,4,20,75,0.3,1,1.8779,0.742,11.2852,3.197
mband_log_N4_F20_O75_FL0p5,log,4,20,75,0.5,1,1.9009,0.7536,11.5512,3.1903
mband_log_N4_F20_O75_FL0p7,log,4,20,75,0.7,1,1.9056,0.7534,11.7155,3.2837
mband_log_N4_F20_O75_FL0p8,log,4,20,75,0.8,1,1.8905,0.7488,11.7541,3.2118
mband_log_N4_F25_O25_FL0p001,log,4,25,25,0.001,1,1.5802,0.7233,7.6887,3.5269
mband_log_N4_F25_O25_FL0p3,log,4,25,25,0.3,1,1.6412,0.7362,8.2109,3.4728
mband_log_N4_F25_O25_FL0p5,log,4,25,25,0.5,1,1.6389,0.7346,8.2824,3.4129
mband_log_N4_F25_O25_FL0p7,log,4,25,25,0.7,1,1.6501,0.7305,8.2265,3.4943
mband_log_N4_F25_O25_FL0p8,log,4,25,25,0.8,1,1.6348,0.7321,8.3128,3.4755
mband_log_N4_F25_O50_FL0p001,log,4,25,50,0.001,1,1.7473,0.7299,9.431,3.4937
mband_log_N4_F25_O50_FL0p3,log,4,25,50,0.3,1,1.8001,0.7389,9.9818,3.5136
mband_log_N4_F25_O50_FL0p5,log,4,25,50,0.5,1,1.8047,0.7424,9.8916,3.4397
mband_log_N4_F25_O50_FL0p7,log,4,25,50,0.7,1,1.8217,0.7434,10.3278,3.4969
mband_log_N4_F25_O50_FL0p8,log,4,25,50,0.8,1,1.8232,0.7411,10.2899,3.3587
mband_log_N4_F25_O75_FL0p001,log,4,25,75,0.001,1,1.8309,0.7327,10.3916,3.2043
mband_log_N4_F25_O75_FL0p3,log,4,25,75,0.3,1,1.8711,0.7474,11.1839,3.1725
mband_log_N4_F25_O75_FL0p5,log,4,25,75,0.5,1,1.8641,0.7427,11.3651,3.3083
mband_log_N4_F25_O75_FL0p7,log,4,25,75,0.7,1,1.8763,0.7439,11.5211,3.2047
mband_log_N4_F25_O75_FL0p8,log,4,25,75,0.8,1,1.8789,0.7484,11.4777,3.1879
mband_log_N4_F8_O25_FL0p001,log,4,8,25,0.001,1,1.6378,0.7219,9.8332,3.1225
mband_log_N4_F8_O25_FL0p3,log,4,8,25,0.3,1,1.7175,0.7416,10.4933,3.1447
mband_log_N4_F8_O25_FL0p5,log,4,8,25,0.5,1,1.7301,0.7436,10.5352,3.2016
mband_log_N4_F8_O25_FL0p7,log,4,8,25,0.7,1,1.7256,0.7441,10.764,3.2093
mband_log_N4_F8_O25_FL0p8,log,4,8,25,0.8,1,1.726,0.7411,10.7315,3.1419
mband_log_N4_F8_O50_FL0p001,log,4,8,50,0.001,1,1.7985,0.7318,10.7462,3.1705
mband_log_N4_F8_O50_FL0p3,log,4,8,50,0.3,1,1.8391,0.7398,11.1519,3.1741
mband_log_N4_F8_O50_FL0p5,log,4,8,50,0.5,1,1.8626,0.7467,11.3852,3.2373
mband_log_N4_F8_O50_FL0p7,log,4,8,50,0.7,1,1.8596,0.7406,11.3164,3.1743
mband_log_N4_F8_O50_FL0p8,log,4,8,50,0.8,1,1.8582,0.7439,11.4301,3.2023
mband_log_N4_F8_O75_FL0p001,log,4,8,75,0.001,1,1.8266,0.7338,11.1056,3.1908
mband_log_N4_F8_O75_FL0p3,log,4,8,75,0.3,1,1.8778,0.7431,11.7628,3.1709
mband_log_N4_F8_O75_FL0p5,log,4,8,75,0.5,1,1.8758,0.7467,11.9138,3.2001
mband_log_N4_F8_O75_FL0p7,log,4,8,75,0.7,1,1.8803,0.7448,11.8323,3.0987
mband_log_N4_F8_O75_FL0p8,log,4,8,75,0.8,1,1.8708,0.7518,11.9815,3.1445
mband_log_N8_F20_O25_FL0p001,log,8,20,25,0.001,1,1.645,0.727,8.2915,3.5098
mband_log_N8_F20_O25_FL0p3,log,8,20,25,0.3,1,1.6941,0.7381,8.8547,3.5583
mband_log_N8_F20_O25_FL0p5,log,8,20,25,0.5,1,1.7,0.7377,8.9289,3.5085
mband_log_N8_F20_O25_FL0p7,log,8,20,25,0.7,1,1.694,0.7383,9.0143,3.4665
mband_log_N8_F20_O25_FL0p8,log,8,20,25,0.8,1,1.699,0.7362,8.8717,3.4228
mband_log_N8_F20_O50_FL0p001,log,8,20,50,0.001,1,1.8206,0.7354,9.8676,3.4061
mband_log_N8_F20_O50_FL0p3,log,8,20,50,0.3,1,1.8592,0.7419,10.4085,3.3582
mband_log_N8_F20_O50_FL0p5,log,8,20,50,0.5,1,1.8513,0.7454,10.6218,3.4031
mband_log_N8_F20_O50_FL0p7,log,8,20,50,0.7,1,1.8732,0.7423,10.6762,3.4467
mband_log_N8_F20_O50_FL0p8,log,8,20,50,0.8,1,1.8698,0.7474,10.8154,3.3716
mband_log_N8_F20_O75_FL0p001,log,8,20,75,0.001,1,1.8427,0.7405,10.6186,3.1089
mband_log_N8_F20_O75_FL0p3,log,8,20,75,0.3,1,1.8787,0.7433,11.2463,3.1792
mband_log_N8_F20_O75_FL0p5,log,8,20,75,0.5,1,1.8961,0.7473,11.4488,3.242
mband_log_N8_F20_O75_FL0p7,log,8,20,75,0.7,1,1.9065,0.7484,11.7905,3.1737
mband_log_N8_F20_O75_FL0p8,log,8,20,75,0.8,1,1.8961,0.7465,11.8747,3.1696
mband_log_N8_F25_O25_FL0p001,log,8,25,25,0.001,1,1.6048,0.7248,7.8661,3.438
mband_log_N8_F25_O25_FL0p3,log,8,25,25,0.3,1,1.6464,0.7294,7.943,3.5146
mband_log_N8_F25_O25_FL0p5,log,8,25,25,0.5,1,1.6468,0.7356,8.3134,3.5077
mband_log_N8_F25_O25_FL0p7,log,8,25,25,0.7,1,1.6478,0.7367,8.3011,3.4463
mband_log_N8_F25_O25_FL0p8,log,8,25,25,0.8,1,1.6447,0.7343,8.2764,3.4951
mband_log_N8_F25_O50_FL0p001,log,8,25,50,0.001,1,1.7519,0.7315,9.4031,3.408
mband_log_N8_F25_O50_FL0p3,log,8,25,50,0.3,1,1.7917,0.7398,9.9542,3.5119
mband_log_N8_F25_O50_FL0p5,log,8,25,50,0.5,1,1.8142,0.7391,10.1164,3.4198
mband_log_N8_F25_O50_FL0p7,log,8,25,50,0.7,1,1.8005,0.7428,10.2555,3.4271
mband_log_N8_F25_O50_FL0p8,log,8,25,50,0.8,1,1.8302,0.7447,10.3091,3.3866
mband_log_N8_F25_O75_FL0p001,log,8,25,75,0.001,1,1.8499,0.7375,10.422,3.2431
mband_log_N8_F25_O75_FL0p3,log,8,25,75,0.3,1,1.8484,0.7387,11.143,3.3223
mband_log_N8_F25_O75_FL0p5,log,8,25,75,0.5,1,1.8692,0.7437,11.4226,3.2407
mband_log_N8_F25_O75_FL0p7,log,8,25,75,0.7,1,1.8937,0.7481,11.5227,3.3647
mband_log_N8_F25_O75_FL0p8,log,8,25,75,0.8,1,1.8884,0.7469,11.5311,3.2911
mband_log_N8_F8_O25_FL0p001,log,8,8,25,0.001,1,1.6422,0.7288,9.8442,3.1875
mband_log_N8_F8_O25_FL0p3,log,8,8,25,0.3,1,1.7216,0.7359,10.4921,3.2047
mband_log_N8_F8_O25_FL0p5,log,8,8,25,0.5,1,1.7233,0.7406,10.6381,3.1408
mband_log_N8_F8_O25_FL0p7,log,8,8,25,0.7,1,1.7265,0.7429,10.6614,3.1856
mband_log_N8_F8_O25_FL0p8,log,8,8,25,0.8,1,1.7381,0.7491,10.8195,3.1538
mband_log_N8_F8_O50_FL0p001,log,8,8,50,0.001,1,1.7752,0.7287,10.5087,3.2319
mband_log_N8_F8_O50_FL0p3,log,8,8,50,0.3,1,1.8438,0.7389,11.1039,3.2285
mband_log_N8_F8_O50_FL0p5,log,8,8,50,0.5,1,1.8366,0.7429,11.2575,3.2137
mband_log_N8_F8_O50_FL0p7,log,8,8,50,0.7,1,1.8718,0.7444,11.6022,3.2157
mband_log_N8_F8_O50_FL0p8,log,8,8,50,0.8,1,1.8477,0.7447,11.3264,3.2567
mband_log_N8_F8_O75_FL0p001,log,8,8,75,0.001,1,1.8469,0.7357,11.3509,3.1563
mband_log_N8_F8_O75_FL0p3,log,8,8,75,0.3,1,1.8787,0.7438,11.6027,3.1412
mband_log_N8_F8_O75_FL0p5,log,8,8,75,0.5,1,1.8727,0.7432,11.6269,3.2117
mband_log_N8_F8_O75_FL0p7,log,8,8,75,0.7,1,1.8876,0.7479,11.8029,3.1612
mband_log_N8_F8_O75_FL0p8,log,8,8,75,0.8,1,1.8724,0.7486,11.9336,3.1294
mband_mel_N16_F20_O25_FL0p001,mel,16,20,25,0.001,1,1.6429,0.7311,8.5817,3.4957
mband_mel_N16_F20_O25_FL0p3,mel,16,20,25,0.3,1,1.6732,0.7405,8.7791,3.4503
mband_mel_N16_F20_O25_FL0p5,mel,16,20,25,0.5,1,1.687,0.741,8.9782,3.5328
mband_mel_N16_F20_O25_FL0p7,mel,16,20,25,0.7,1,1.6947,0.739,8.9377,3.4413
mband_mel_N16_F20_O25_FL0p8,mel,16,20,25,0.8,1,1.7099,0.7387,9.0743,3.4695
mband_mel_N16_F20_O50_FL0p001,mel,16,20,50,0.001,1,1.7889,0.7396,10.2288,3.3672
mband_mel_N16_F20_O50_FL0p3,mel,16,20,50,0.3,1,1.8361,0.7431,10.6063,3.4235
mband_mel_N16_F20_O50_FL0p5,mel,16,20,50,0.5,1,1.8379,0.7461,10.6162,3.347
mband_mel_N16_F20_O50_FL0p7,mel,16,20,50,0.7,1,1.8567,0.7466,10.6886,3.3673
mband_mel_N16_F20_O50_FL0p8,mel,16,20,50,0.8,1,1.8521,0.7426,10.5497,3.3719
mband_mel_N16_F20_O75_FL0p001,mel,16,20,75,0.001,1,1.8414,0.7392,10.9431,3.128
mband_mel_N16_F20_O75_FL0p3,mel,16,20,75,0.3,1,1.8912,0.7404,11.3541,3.2137
mband_mel_N16_F20_O75_FL0p5,mel,16,20,75,0.5,1,1.8859,0.7464,11.4125,3.2222
mband_mel_N16_F20_O75_FL0p7,mel,16,20,75,0.7,1,1.8762,0.7498,11.5597,3.1764
mband_mel_N16_F20_O75_FL0p8,mel,16,20,75,0.8,1,1.8795,0.7452,11.8321,3.2418
mband_mel_N16_F25_O25_FL0p001,mel,16,25,25,0.001,1,1.5933,0.7252,7.7889,3.4895
mband_mel_N16_F25_O25_FL0p3,mel,16,25,25,0.3,1,1.6392,0.7316,8.2302,3.5107
mband_mel_N16_F25_O25_FL0p5,mel,16,25,25,0.5,1,1.6351,0.7317,8.2425,3.5229
mband_mel_N16_F25_O25_FL0p7,mel,16,25,25,0.7,1,1.6487,0.7326,8.2897,3.4436
mband_mel_N16_F25_O25_FL0p8,mel,16,25,25,0.8,1,1.6435,0.7334,8.3556,3.4276
mband_mel_N16_F25_O50_FL0p001,mel,16,25,50,0.001,1,1.7685,0.7397,9.6247,3.3706
mband_mel_N16_F25_O50_FL0p3,mel,16,25,50,0.3,1,1.8057,0.7415,10.0995,3.4295
mband_mel_N16_F25_O50_FL0p5,mel,16,25,50,0.5,1,1.8152,0.7403,10.1465,3.4589
mband_mel_N16_F25_O50_FL0p7,mel,16,25,50,0.7,1,1.816,0.744,10.2609,3.3969
mband_mel_N16_F25_O50_FL0p8,mel,16,25,50,0.8,1,1.8173,0.7521,10.4738,3.4771
mband_mel_N16_F25_O75_FL0p001,mel,16,25,75,0.001,1,1.8295,0.7356,10.6297,3.2023
mband_mel_N16_F25_O75_FL0p3,mel,16,25,75,0.3,1,1.8663,0.7466,11.1193,3.2277
mband_mel_N16_F25_O75_FL0p5,mel,16,25,75,0.5,1,1.8614,0.7463,11.3847,3.2495
mband_mel_N16_F25_O75_FL0p7,mel,16,25,75,0.7,1,1.8979,0.7488,11.7804,3.3449
mband_mel_N16_F25_O75_FL0p8,mel,16,25,75,0.8,1,1.882,0.7506,11.5602,3.2848
mband_mel_N16_F8_O25_FL0p001,mel,16,8,25,0.001,1,1.641,0.73,10.1768,3.1397
mband_mel_N16_F8_O25_FL0p3,mel,16,8,25,0.3,1,1.7088,0.736,10.5352,3.093
mband_mel_N16_F8_O25_FL0p5,mel,16,8,25,0.5,1,1.7312,0.7427,10.6795,3.2343
mband_mel_N16_F8_O25_FL0p7,mel,16,8,25,0.7,1,1.7331,0.7438,10.633,3.151
mband_mel_N16_F8_O25_FL0p8,mel,16,8,25,0.8,1,1.7321,0.7431,10.6718,3.1852
mband_mel_N16_F8_O50_FL0p001,mel,16,8,50,0.001,1,1.7694,0.7353,10.9134,3.2059
mband_mel_N16_F8_O50_FL0p3,mel,16,8,50,0.3,1,1.8324,0.7446,11.4254,3.2156
mband_mel_N16_F8_O50_FL0p5,mel,16,8,50,0.5,1,1.8531,0.744,11.4655,3.2366
mband_mel_N16_F8_O50_FL0p7,mel,16,8,50,0.7,1,1.8613,0.7435,11.3789,3.2852
mband_mel_N16_F8_O50_FL0p8,mel,16,8,50,0.8,1,1.8487,0.7459,11.3998,3.2025
mband_mel_N16_F8_O75_FL0p001,mel,16,8,75,0.001,1,1.8236,0.7373,11.4203,3.1541
mband_mel_N16_F8_O75_FL0p3,mel,16,8,75,0.3,1,1.865,0.7435,11.7247,3.1132
mband_mel_N16_F8_O75_FL0p5,mel,16,8,75,0.5,1,1.8665,0.7442,11.7724,3.1379
mband_mel_N16_F8_O75_FL0p7,mel,16,8,75,0.7,1,1.8627,0.7458,11.5651,3.1035
mband_mel_N16_F8_O75_FL0p8,mel,16,8,75,0.8,1,1.8624,0.747,11.9423,3.1649
mband_mel_N4_F20_O25_FL0p001,mel,4,20,25,0.001,1,1.6324,0.7292,8.4032,3.4855
mband_mel_N4_F20_O25_FL0p3,mel,4,20,25,0.3,1,1.6871,0.7384,8.9314,3.5546
mband_mel_N4_F20_O25_FL0p5,mel,4,20,25,0.5,1,1.6899,0.734,9.0007,3.5407
mband_mel_N4_F20_O25_FL0p7,mel,4,20,25,0.7,1,1.7068,0.7329,8.9041,3.4333
mband_mel_N4_F20_O25_FL0p8,mel,4,20,25,0.8,1,1.7117,0.7401,9.1189,3.4768
mband_mel_N4_F20_O50_FL0p001,mel,4,20,50,0.001,1,1.7946,0.736,10.1417,3.4328
mband_mel_N4_F20_O50_FL0p3,mel,4,20,50,0.3,1,1.8312,0.7435,10.4881,3.4986
mband_mel_N4_F20_O50_FL0p5,mel,4,20,50,0.5,1,1.8569,0.7392,10.6126,3.4038
mband_mel_N4_F20_O50_FL0p7,mel,4,20,50,0.7,1,1.8747,0.7499,10.8343,3.406
mband_mel_N4_F20_O50_FL0p8,mel,4,20,50,0.8,1,1.8498,0.7452,10.6048,3.4505
mband_mel_N4_F20_O75_FL0p001,mel,4,20,75,0.001,1,1.85,0.7459,10.8715,3.1269
mband_mel_N4_F20_O75_FL0p3,mel,4,20,75,0.3,1,1.893,0.7505,11.5842,3.2227
mband_mel_N4_F20_O75_FL0p5,mel,4,20,75,0.5,1,1.8984,0.752,11.6276,3.2346
mband_mel_N4_F20_O75_FL0p7,mel,4,20,75,0.7,1,1.9032,0.7484,11.9553,3.2556
mband_mel_N4_F20_O75_FL0p8,mel,4,20,75,0.8,1,1.8985,0.7505,11.6941,3.2241
mband_mel_N4_F25_O25_FL0p001,mel,4,25,25,0.001,1,1.5941,0.7285,7.9239,3.3928
mband_mel_N4_F25_O25_FL0p3,mel,4,25,25,0.3,1,1.6238,0.7312,8.1564,3.496
mband_mel_N4_F25_O25_FL0p5,mel,4,25,25,0.5,1,1.6346,0.7344,8.3295,3.516
mband_mel_N4_F25_O25_FL0p7,mel,4,25,25,0.7,1,1.6476,0.7336,8.4112,3.4997
mband_mel_N4_F25_O25_FL0p8,mel,4,25,25,0.8,1,1.6573,0.7334,8.408,3.498
mband_mel_N4_F25_O50_FL0p001,mel,4,25,50,0.001,1,1.7627,0.734,9.7359,3.431
mband_mel_N4_F25_O50_FL0p3,mel,4,25,50,0.3,1,1.7849,0.7387,9.9497,3.4506
mband_mel_N4_F25_O50_FL0p5,mel,4,25,50,0.5,1,1.8116,0.7395,10.187,3.4255
mband_mel_N4_F25_O50_FL0p7,mel,4,25,50,0.7,1,1.8102,0.7451,10.1451,3.4108
mband_mel_N4_F25_O50_FL0p8,mel,4,25,50,0.8,1,1.8083,0.7438,10.3396,3.4078
mband_mel_N4_F25_O75_FL0p001,mel,4,25,75,0.001,1,1.8409,0.7354,10.8463,3.1773
mband_mel_N4_F25_O75_FL0p3,mel,4,25,75,0.3,1,1.8648,0.7457,11.2709,3.2461
mband_mel_N4_F25_O75_FL0p5,mel,4,25,75,0.5,1,1.8624,0.7461,11.505,3.2873
mband_mel_N4_F25_O75_FL0p7,mel,4,25,75,0.7,1,1.8744,0.7475,11.4579,3.1778
mband_mel_N4_F25_O75_FL0p8,mel,4,25,75,0.8,1,1.872,0.7489,11.5243,3.2275
mband_mel_N4_F8_O25_FL0p001,mel,4,8,25,0.001,1,1.6497,0.7346,10.117,3.2058
mband_mel_N4_F8_O25_FL0p3,mel,4,8,25,0.3,1,1.706,0.7352,10.3836,3.1057
mband_mel_N4_F8_O25_FL0p5,mel,4,8,25,0.5,1,1.7237,0.7442,10.6732,3.1265
mband_mel_N4_F8_O25_FL0p7,mel,4,8,25,0.7,1,1.7189,0.7376,10.6157,3.0926
mband_mel_N4_F8_O25_FL0p8,mel,4,8,25,0.8,1,1.7224,0.7441,10.7435,3.1711
mband_mel_N4_F8_O50_FL0p001,mel,4,8,50,0.001,1,1.8005,0.7312,10.9874,3.239
mband_mel_N4_F8_O50_FL0p3,mel,4,8,50,0.3,1,1.8478,0.7383,11.2291,3.158
mband_mel_N4_F8_O50_FL0p5,mel,4,8,50,0.5,1,1.8422,0.7401,11.2105,3.1929
mband_mel_N4_F8_O50_FL0p7,mel,4,8,50,0.7,1,1.844,0.7391,11.2768,3.2081
mband_mel_N4_F8_O50_FL0p8,mel,4,8,50,0.8,1,1.8651,0.7419,11.6492,3.1501
mband_mel_N4_F8_O75_FL0p001,mel,4,8,75,0.001,1,1.8315,0.7332,11.3235,3.1514
mband_mel_N4_F8_O75_FL0p3,mel,4,8,75,0.3,1,1.88,0.7441,11.7756,3.0953
mband_mel_N4_F8_O75_FL0p5,mel,4,8,75,0.5,1,1.8753,0.7443,11.7169,3.1912
mband_mel_N4_F8_O75_FL0p7,mel,4,8,75,0.7,1,1.8739,0.747,11.9613,3.18
mband_mel_N4_F8_O75_FL0p8,mel,4,8,75,0.8,1,1.885,0.7447,11.9327,3.1467
mband_mel_N8_F20_O25_FL0p001,mel,8,20,25,0.001,1,1.6368,0.7281,8.6365,3.4733
mband_mel_N8_F20_O25_FL0p3,mel,8,20,25,0.3,1,1.683,0.7379,8.9454,3.4672
mband_mel_N8_F20_O25_FL0p5,mel,8,20,25,0.5,1,1.6953,0.7398,8.9456,3.3942
mband_mel_N8_F20_O25_FL0p7,mel,8,20,25,0.7,1,1.6969,0.7357,8.9665,3.3879
mband_mel_N8_F20_O25_FL0p8,mel,8,20,25,0.8,1,1.7049,0.7409,9.0373,3.4283
mband_mel_N8_F20_O50_FL0p001,mel,8,20,50,0.001,1,1.7993,0.7391,9.9584,3.3795
mband_mel_N8_F20_O50_FL0p3,mel,8,20,50,0.3,1,1.8277,0.7457,10.5928,3.393
mband_mel_N8_F20_O50_FL0p5,mel,8,20,50,0.5,1,1.8434,0.7408,10.6455,3.4515
mband_mel_N8_F20_O50_FL0p7,mel,8,20,50,0.7,1,1.8527,0.7414,10.6294,3.3835
mband_mel_N8_F20_O50_FL0p8,mel,8,20,50,0.8,1,1.8491,0.746,10.6386,3.3994
mband_mel_N8_F20_O75_FL0p001,mel,8,20,75,0.001,1,1.842,0.7417,10.9501,3.1292
mband_mel_N8_F20_O75_FL0p3,mel,8,20,75,0.3,1,1.8772,0.7471,11.5695,3.2251
mband_mel_N8_F20_O75_FL0p5,mel,8,20,75,0.5,1,1.8877,0.7447,11.7228,3.1559
mband_mel_N8_F20_O75_FL0p7,mel,8,20,75,0.7,1,1.9012,0.7511,11.7234,3.2124
mband_mel_N8_F20_O75_FL0p8,mel,8,20,75,0.8,1,1.8994,0.7471,11.7227,3.1689
mband_mel_N8_F25_O25_FL0p001,mel,8,25,25,0.001,1,1.5844,0.7247,8.028,3.5404
mband_mel_N8_F25_O25_FL0p3,mel,8,25,25,0.3,1,1.6294,0.7317,8.1068,3.5271
mband_mel_N8_F25_O25_FL0p5,mel,8,25,25,0.5,1,1.6423,0.7299,8.2099,3.4353
mband_mel_N8_F25_O25_FL0p7,mel,8,25,25,0.7,1,1.6418,0.7332,8.3324,3.4787
mband_mel_N8_F25_O25_FL0p8,mel,8,25,25,0.8,1,1.6586,0.7368,8.3839,3.4599
mband_mel_N8_F25_O50_FL0p001,mel,8,25,50,0.001,1,1.7389,0.733,9.617,3.4208
mband_mel_N8_F25_O50_FL0p3,mel,8,25,50,0.3,1,1.8013,0.7421,10.0768,3.4249
mband_mel_N8_F25_O50_FL0p5,mel,8,25,50,0.5,1,1.813,0.7407,10.1954,3.3851
mband_mel_N8_F25_O50_FL0p7,mel,8,25,50,0.7,1,1.7992,0.7463,10.2202,3.3626
mband_mel_N8_F25_O50_FL0p8,mel,8,25,50,0.8,1,1.8307,0.7452,10.5007,3.452
mband_mel_N8_F25_O75_FL0p001,mel,8,25,75,0.001,1,1.831,0.7379,10.6913,3.1757
mband_mel_N8_F25_O75_FL0p3,mel,8,25,75,0.3,1,1.8849,0.7494,11.28,3.2883
mband_mel_N8_F25_O75_FL0p5,mel,8,25,75,0.5,1,1.863,0.7467,11.4834,3.2865
mband_mel_N8_F25_O75_FL0p7,mel,8,25,75,0.7,1,1.889,0.7425,11.5485,3.2586
mband_mel_N8_F25_O75_FL0p8,mel,8,25,75,0.8,1,1.8627,0.7449,11.4794,3.2278
mband_mel_N8_F8_O25_FL0p001,mel,8,8,25,0.001,1,1.6476,0.7262,9.8892,3.1715
mband_mel_N8_F8_O25_FL0p3,mel,8,8,25,0.3,1,1.698,0.7406,10.2075,3.1841
mband_mel_N8_F8_O25_FL0p5,mel,8,8,25,0.5,1,1.7217,0.7411,10.5609,3.1217
mband_mel_N8_F8_O25_FL0p7,mel,8,8,25,0.7,1,1.7308,0.7423,10.6974,3.1814
mband_mel_N8_F8_O25_FL0p8,mel,8,8,25,0.8,1,1.7329,0.7456,10.9462,3.2174
mband_mel_N8_F8_O50_FL0p001,mel,8,8,50,0.001,1,1.7713,0.7283,10.8891,3.2065
mband_mel_N8_F8_O50_FL0p3,mel,8,8,50,0.3,1,1.8206,0.7392,11.0195,3.2578
mband_mel_N8_F8_O50_FL0p5,mel,8,8,50,0.5,1,1.8394,0.7413,11.262,3.1823
mband_mel_N8_F8_O50_FL0p7,mel,8,8,50,0.7,1,1.8325,0.745,11.3367,3.167
mband_mel_N8_F8_O50_FL0p8,mel,8,8,50,0.8,1,1.8418,0.7462,11.472,3.1964
mband_mel_N8_F8_O75_FL0p001,mel,8,8,75,0.001,1,1.8349,0.7412,11.5601,3.1575
mband_mel_N8_F8_O75_FL0p3,mel,8,8,75,0.3,1,1.8598,0.7462,11.9262,3.1605
mband_mel_N8_F8_O75_FL0p5,mel,8,8,75,0.5,1,1.8681,0.7405,11.6909,3.1042
mband_mel_N8_F8_O75_FL0p7,mel,8,8,75,0.7,1,1.8581,0.7416,11.7309,3.1199
mband_mel_N8_F8_O75_FL0p8,mel,8,8,75,0.8,1,1.8706,0.7419,11.6995,3.1639
