Test_ID,SNR_dB,Config_ID,Freq_spacing,Nband,FRMSZ_ms,OVLP,Averaging,VAD,Floor,PESQ,STOI,SI_SDR,DNSMOS_mos_ovr,DNSMOS_mos_sig,DNSMOS_mos_bak,Status
0,0,1,linear,2,5,20,1,1,0.002,1.3803070783615112,0.8001137375831604,0.035990890115499496,2.25099819884078,3.985514221660972,1.8417419589705792,Success
0,0,2,linear,2,5,50,1,1,0.002,1.4059618711471558,0.8179285526275635,0.07428640127182007,2.285515568092093,4.06653404232699,1.8649592441633267,Success
0,0,3,linear,2,5,75,1,1,0.002,1.4215686321258545,0.8251422047615051,0.05170828104019165,2.2303723532484327,4.00798865721077,1.8369757675392828,Success
0,0,4,linear,2,15,20,1,1,0.002,1.322395920753479,0.7883038520812988,-0.39668604731559753,2.824746313564683,4.512741292403224,2.194076184667406,Success
0,0,5,linear,2,15,50,1,1,0.002,1.3776922225952148,0.8012485504150391,-0.19168099761009216,2.654171474563864,4.293650050794053,2.083442545892684,Success
0,0,6,linear,2,15,75,1,1,0.002,1.4168241024017334,0.8184558153152466,-0.03879305347800255,2.4289412193141793,4.158820328624145,1.924907321366451,Success
0,0,7,linear,2,25,20,1,1,0.002,1.3026626110076904,0.7848751544952393,-0.6092394590377808,2.8256401453083946,4.545562299798461,2.1367530463262665,Success
0,0,8,linear,2,25,50,1,1,0.002,1.3586504459381104,0.7978489995002747,-0.3531712293624878,2.664050606339478,4.440368869750379,2.0408963048626014,Success
0,0,9,linear,2,25,75,1,1,0.002,1.407041072845459,0.8181089758872986,-0.16384385526180267,2.6784813780590273,4.337239500078048,2.105287429098064,Success
0,0,10,linear,4,5,20,1,1,0.002,1.3830687999725342,0.8028596639633179,0.057160478085279465,2.2515325773143213,3.924815273573781,1.8461480902577534,Success
0,0,11,linear,4,5,50,1,1,0.002,1.4088784456253052,0.8203237652778625,0.09536783397197723,2.250040719717038,4.041338671232477,1.8109388070217,Success
0,0,12,linear,4,5,75,1,1,0.002,1.4241389036178589,0.8272355794906616,0.07293140143156052,2.2395777872813682,4.045812038797408,1.8041845607872162,Success
0,0,13,linear,4,15,20,1,1,0.002,1.3246660232543945,0.7923160195350647,-0.35924309492111206,2.6909109554097923,4.510087129725303,1.992192749642865,Success
0,0,14,linear,4,15,50,1,1,0.002,1.380787968635559,0.8053401112556458,-0.15259037911891937,2.626633138104663,4.335849749210752,2.043839981802799,Success
0,0,15,linear,4,15,75,1,1,0.002,1.4201648235321045,0.8223250508308411,-0.0019493920262902975,2.3727472991967935,4.186316023533917,1.904151212000051,Success
0,0,16,linear,4,25,20,1,1,0.002,1.3037340641021729,0.7893591523170471,-0.5605615377426147,2.8413238532911227,4.546832282069157,2.1423536848308724,Success
0,0,17,linear,4,25,50,1,1,0.002,1.359802484512329,0.802033543586731,-0.3051735758781433,2.6815725436044207,4.44022153949879,2.0496804630519296,Success
0,0,18,linear,4,25,75,1,1,0.002,1.4089746475219727,0.8222540020942688,-0.11678583920001984,2.5842051300452895,4.300561106196593,2.014033099588389,Success
0,0,19,linear,5,5,20,1,1,0.002,1.3763351440429688,0.8027951717376709,0.091712586581707,2.2176732183543133,3.869306785798764,1.8333313235619695,Success
0,0,20,linear,5,5,50,1,1,0.002,1.401627779006958,0.8201852440834045,0.13036462664604187,2.253457529577767,4.064588737333662,1.8143912216606795,Success
0,0,21,linear,5,5,75,1,1,0.002,1.4203011989593506,0.8271586894989014,0.10827840864658356,2.242760365204882,4.044545836726222,1.8039453155922838,Success
0,0,22,linear,5,15,20,1,1,0.002,1.3239586353302002,0.7923682332038879,-0.33276036381721497,2.696583486946054,4.505780629770857,2.0080013644760353,Success
0,0,23,linear,5,15,50,1,1,0.002,1.3804593086242676,0.8054317235946655,-0.12529440224170685,2.6341705562340287,4.339558979845844,2.0490076103674197,Success
0,0,24,linear,5,15,75,1,1,0.002,1.4194519519805908,0.8223592638969421,0.025682006031274796,2.378146669069096,4.192885996012641,1.8920582854080727,Success
0,0,25,linear,5,25,20,1,1,0.002,1.3038005828857422,0.7893718481063843,-0.5518296957015991,2.846618682588792,4.54349641297775,2.1505772647915586,Success
0,0,26,linear,5,25,50,1,1,0.002,1.3599387407302856,0.8020209074020386,-0.2964671552181244,2.684074584239681,4.4442626142700385,2.0524213311502564,Success
0,0,27,linear,5,25,75,1,1,0.002,1.4091042280197144,0.8222308158874512,-0.10809432715177536,2.5900212981191006,4.30575671377211,2.015647974493783,Success
0,0,28,linear,6,5,20,1,1,0.002,1.3751572370529175,0.802516520023346,0.12942251563072205,2.2151731716259904,3.866314776888583,1.8327119785499697,Success
0,0,29,linear,6,5,50,1,1,0.002,1.400251865386963,0.8200254440307617,0.16798990964889526,2.2559036515528432,4.071307139708705,1.8147547778903446,Success
0,0,30,linear,6,5,75,1,1,0.002,1.4189398288726807,0.8270153999328613,0.14615276455879211,2.2370756722489555,4.04205613953797,1.8010397210724722,Success
0,0,31,linear,6,15,20,1,1,0.002,1.3233659267425537,0.7923039197921753,-0.3069251477718353,2.703276608114457,4.5080899840625355,2.010921515615303,Success
0,0,32,linear,6,15,50,1,1,0.002,1.3799700736999512,0.8053755760192871,-0.09892069548368454,2.639340394615958,4.344295860998968,2.0520140146541817,Success
0,0,33,linear,6,15,75,1,1,0.002,1.4188462495803833,0.8222740888595581,0.05223928391933441,2.3819998078219533,4.203011544458153,1.8983017745396393,Success
0,0,34,linear,6,25,20,1,1,0.002,1.303040623664856,0.7892521619796753,-0.5208106637001038,2.854024480880023,4.551186809377657,2.156310527937957,Success
0,0,35,linear,6,25,50,1,1,0.002,1.359421730041504,0.8019375801086426,-0.2639792263507843,2.6970990155206294,4.457342512140509,2.047601208803709,Success
0,0,36,linear,6,25,75,1,1,0.002,1.4086254835128784,0.8221986889839172,-0.07490786164999008,2.595052742243972,4.3179755963201805,2.011770501253519,Success
0,0,37,linear,8,5,20,1,1,0.002,1.3797866106033325,0.8027697205543518,0.15831299126148224,2.240108848435668,3.900009091097027,1.8369441990607616,Success
0,0,38,linear,8,5,50,1,1,0.002,1.4050443172454834,0.8197258710861206,0.1961151510477066,2.261862169232599,4.053364076129417,1.8213565172070816,Success
0,0,39,linear,8,5,75,1,1,0.002,1.4203760623931885,0.8269246220588684,0.17384035885334015,2.2276552343211637,4.033312398535533,1.801789065623401,Success
0,0,40,linear,8,15,20,1,1,0.002,1.321764588356018,0.7920392751693726,-0.25758856534957886,2.7097955752745957,4.512250917269662,2.010660965158374,Success
0,0,41,linear,8,15,50,1,1,0.002,1.3775337934494019,0.8054363131523132,-0.0493081733584404,2.630592447698261,4.346915462601729,2.041220712190136,Success
0,0,42,linear,8,15,75,1,1,0.002,1.4164330959320068,0.8221214413642883,0.1025371327996254,2.3820442314034023,4.20018850181238,1.8968126907195935,Success
0,0,43,linear,8,25,20,1,1,0.002,1.3007218837738037,0.7893065810203552,-0.46661287546157837,2.879569316581651,4.5521152980437565,2.1957363517661013,Success
0,0,44,linear,8,25,50,1,1,0.002,1.3564101457595825,0.8017220497131348,-0.20701521635055542,2.6776004564635074,4.427903676543754,2.0477430665670844,Success
0,0,45,linear,8,25,75,1,1,0.002,1.405517816543579,0.8220638632774353,-0.01644928753376007,2.5858801291812084,4.289676488352839,2.019170761142837,Success
0,0,46,log,2,5,20,1,1,0.002,1.3596843481063843,0.7983744144439697,0.10385867953300476,2.1984061768718566,3.8613500275492356,1.803857306667158,Success
0,0,47,log,2,5,50,1,1,0.002,1.3878005743026733,0.815788984298706,0.14599107205867767,2.2220416869835358,4.06763818414617,1.8051519957549835,Success
0,0,48,log,2,5,75,1,1,0.002,1.4056289196014404,0.8239723443984985,0.12428977340459824,2.2096866230639063,4.02165718311167,1.7852569634264916,Success
0,0,49,log,2,15,20,1,1,0.002,1.324272632598877,0.785338282585144,-0.3779863119125366,2.6742028890815948,4.530761851940767,1.9683122942354683,Success
0,0,50,log,2,15,50,1,1,0.002,1.377044439315796,0.8034073114395142,-0.169994056224823,2.5557318568894662,4.301318066793919,1.9825918161525282,Success
0,0,51,log,2,15,75,1,1,0.002,1.4161303043365479,0.8199087977409363,-0.017262669280171394,2.334535963373732,4.162672921287005,1.8899624662467802,Success
0,0,52,log,2,25,20,1,1,0.002,1.3018121719360352,0.7897732853889465,-0.5949347019195557,2.89874064830212,4.575515756492358,2.195993186875487,Success
0,0,53,log,2,25,50,1,1,0.002,1.3573808670043945,0.80208820104599,-0.3377431631088257,2.6610341276974343,4.433015514335032,2.0343106389806382,Success
0,0,54,log,2,25,75,1,1,0.002,1.405737042427063,0.8218995928764343,-0.14790086448192596,2.5945506838891017,4.30773282409771,1.9988491041498506,Success
0,0,55,log,4,5,20,1,1,0.002,1.356056809425354,0.7986332178115845,0.24834753572940826,2.3559931998279047,3.940466501807787,1.904225810843777,Success
0,0,56,log,4,5,50,1,1,0.002,1.3819477558135986,0.8129352331161499,0.29471802711486816,2.220623569049943,4.03838130219859,1.7556608852074669,Success
0,0,57,log,4,5,75,1,1,0.002,1.3987452983856201,0.8205581903457642,0.26958468556404114,2.18281853633578,3.989108045989655,1.73493590840307,Success
0,0,58,log,4,15,20,1,1,0.002,1.3178369998931885,0.78922438621521,-0.29495611786842346,2.6854061188426503,4.48752096025742,1.9960684430340843,Success
0,0,59,log,4,15,50,1,1,0.002,1.3735260963439941,0.8047390580177307,-0.08755822479724884,2.6530249275169253,4.364710630816618,2.0368796803431355,Success
0,0,60,log,4,15,75,1,1,0.002,1.4157583713531494,0.8221247792243958,0.06763201951980591,2.4572936924012017,4.192484531465378,1.9506178049764866,Success
0,0,61,log,4,25,20,1,1,0.002,1.299109935760498,0.7880153656005859,-0.5835299491882324,2.8711628733743466,4.539320779730594,2.175581617791242,Success
0,0,62,log,4,25,50,1,1,0.002,1.3550124168395996,0.8013757467269897,-0.32126015424728394,2.7166023273207736,4.467861039363942,2.0531954178798526,Success
0,0,63,log,4,25,75,1,1,0.002,1.4048115015029907,0.8201634287834167,-0.1297069787979126,2.600161667083969,4.269855104849856,2.022180433367813,Success
0,0,64,log,5,5,20,1,1,0.002,1.3359870910644531,0.7833146452903748,0.04875641688704491,2.2502509593055424,3.778623555772287,1.8678497212040097,Success
0,0,65,log,5,5,50,1,1,0.002,1.374556541442871,0.8142357468605042,0.10131686180830002,2.1869809538410427,3.981270716702314,1.7503182248237756,Success
0,0,66,log,5,5,75,1,1,0.002,1.4090019464492798,0.8250510692596436,0.08202708512544632,2.240563472544805,4.006190077318949,1.7989605440786332,Success
0,0,67,log,5,15,20,1,1,0.002,1.3127295970916748,0.7794216275215149,-0.5134695172309875,2.637762274107832,4.434966378766674,1.9708147239673892,Success
0,0,68,log,5,15,50,1,1,0.002,1.3750379085540771,0.7964206337928772,-0.3157082498073578,2.6226771090523164,4.361792962976296,2.022721943855919,Success
0,0,69,log,5,15,75,1,1,0.002,1.422021746635437,0.8195064067840576,-0.15036264061927795,2.384513683799741,4.213121473189376,1.8902535886252052,Success
0,0,70,log,5,25,20,1,1,0.002,1.2905950546264648,0.7852933406829834,-0.5808848738670349,2.938783237412951,4.565218150718195,2.2890162466446284,Success
0,0,71,log,5,25,50,1,1,0.002,1.3446837663650513,0.7998620867729187,-0.3127715289592743,2.7064890953443044,4.421314505295069,2.0855578704052893,Success
0,0,72,log,5,25,75,1,1,0.002,1.3944926261901855,0.8195763230323792,-0.11679141968488693,2.664486730864369,4.306594432300257,2.0870008527224893,Success
0,0,73,log,6,5,20,1,1,0.002,1.3329343795776367,0.7885511517524719,0.4170956611633301,2.3710007918129063,3.9594264983425624,1.912373233251369,Success
0,0,74,log,6,5,50,1,1,0.002,1.3687375783920288,0.8132782578468323,0.4716578722000122,2.2213402377296347,3.9868468375729496,1.7825812081854961,Success
0,0,75,log,6,5,75,1,1,0.002,1.393148422241211,0.8242379426956177,0.4567806124687195,2.2649294049597075,4.008708181218744,1.8227306356469866,Success
0,0,76,log,6,15,20,1,1,0.002,1.3051564693450928,0.780017614364624,-0.15223996341228485,2.8794764506210004,4.553211033684968,2.207824267793569,Success
0,0,77,log,6,15,50,1,1,0.002,1.363708257675171,0.7907459139823914,0.07013554871082306,2.5972180843241337,4.307877958414754,2.016117379731351,Success
0,0,78,log,6,15,75,1,1,0.002,1.4040967226028442,0.813720166683197,0.22972778975963593,2.4176590065709402,4.173672692223942,1.9323310370379463,Success
0,0,79,log,6,25,20,1,1,0.002,1.2954908609390259,0.7863668203353882,-0.4746905565261841,2.92378300485649,4.590280217031057,2.2333608453098672,Success
0,0,80,log,6,25,50,1,1,0.002,1.353016972541809,0.7996285557746887,-0.20688924193382263,2.7971993579076417,4.499041709331751,2.111167140165637,Success
0,0,81,log,6,25,75,1,1,0.002,1.4020473957061768,0.819585382938385,-0.012792252004146576,2.650610208815346,4.360009569803599,2.029384646504828,Success
0,0,82,log,8,5,20,1,1,0.002,1.3306070566177368,0.7866036295890808,0.462699830532074,2.416300721061972,3.9378920170046734,1.9490996551463897,Success
0,0,83,log,8,5,50,1,1,0.002,1.3707044124603271,0.8136231899261475,0.5133357048034668,2.200200624387515,3.987502643543614,1.7523817079787827,Success
0,0,84,log,8,5,75,1,1,0.002,1.391118049621582,0.8209901452064514,0.49136292934417725,2.1578275234172586,3.93796468276809,1.727423694236627,Success
0,0,85,log,8,15,20,1,1,0.002,1.3015296459197998,0.7788072824478149,-0.1888672113418579,2.594731435837241,4.419102569932998,1.9429951254931563,Success
0,0,86,log,8,15,50,1,1,0.002,1.3639163970947266,0.7967398166656494,0.025350548326969147,2.5519149750288426,4.235105537443957,1.950339509699126,Success
0,0,87,log,8,15,75,1,1,0.002,1.4142529964447021,0.8202295303344727,0.18486277759075165,2.4157126064141146,4.181981513714623,1.8843119707957818,Success
0,0,88,log,8,25,20,1,1,0.002,1.2918068170547485,0.7844219207763672,-0.5097534656524658,2.8248245639299796,4.513099744996901,2.134512473225632,Success
0,0,89,log,8,25,50,1,1,0.002,1.355908989906311,0.7976700067520142,-0.24364961683750153,2.6453252013099227,4.453489123020586,1.988082474655199,Success
0,0,90,log,8,25,75,1,1,0.002,1.4102846384048462,0.8177874088287354,-0.049822933971881866,2.519694172282149,4.248018417287601,1.9445885174642532,Success
0,0,91,mel,2,5,20,1,1,0.002,1.3805837631225586,0.8001242280006409,0.03695041686296463,2.2676966942360526,3.983612745825775,1.8493594256496222,Success
0,0,92,mel,2,5,50,1,1,0.002,1.4064220190048218,0.8178002834320068,0.07542882859706879,2.3015844058735357,4.065188351922951,1.8694032005454886,Success
0,0,93,mel,2,5,75,1,1,0.002,1.42141854763031,0.8250769376754761,0.05291445180773735,2.24104460368079,4.004690026104429,1.8413339066543581,Success
0,0,94,mel,2,15,20,1,1,0.002,1.3223445415496826,0.788222074508667,-0.3965660631656647,2.8480481805963933,4.514755238766056,2.216021283283759,Success
0,0,95,mel,2,15,50,1,1,0.002,1.3775591850280762,0.8011659979820251,-0.19156277179718018,2.6527198386837028,4.293361852688876,2.0837355363583385,Success
0,0,96,mel,2,15,75,1,1,0.002,1.4167355298995972,0.8183963894844055,-0.038761451840400696,2.4464522319589954,4.175923575158591,1.9269866417405204,Success
0,0,97,mel,2,25,20,1,1,0.002,1.3025860786437988,0.7848899364471436,-0.6092511415481567,2.820187633493974,4.545530663157365,2.1340691828739113,Success
0,0,98,mel,2,25,50,1,1,0.002,1.3585765361785889,0.7978602051734924,-0.3531282842159271,2.652206570712351,4.435636465260815,2.035334734038911,Success
0,0,99,mel,2,25,75,1,1,0.002,1.4069390296936035,0.818140983581543,-0.1638043224811554,2.6695749778072013,4.325712041274955,2.1021727934417127,Success
0,0,100,mel,4,5,20,1,1,0.002,1.398851752281189,0.7980515360832214,-0.4015601873397827,2.311355697966713,3.9726042944383373,1.8703050832615267,Success
0,0,101,mel,4,5,50,1,1,0.002,1.4305486679077148,0.8162707686424255,-0.336026668548584,2.3232278010309675,4.054177965671436,1.8471484850105522,Success
0,0,102,mel,4,5,75,1,1,0.002,1.4505715370178223,0.824923574924469,-0.35263270139694214,2.2835026243607888,4.05721187077469,1.8250227801237493,Success
0,0,103,mel,4,15,20,1,1,0.002,1.3275595903396606,0.7891631722450256,-0.5438699722290039,2.7144388429018123,4.479135645508055,2.0577875818024007,Success
0,0,104,mel,4,15,50,1,1,0.002,1.383992314338684,0.8018839955329895,-0.34954410791397095,2.688194656291332,4.369103722783929,2.1111454167796153,Success
0,0,105,mel,4,15,75,1,1,0.002,1.4237098693847656,0.8200644850730896,-0.18905781209468842,2.3765030526053597,4.191845071731433,1.8844817851136606,Success
0,0,106,mel,4,25,20,1,1,0.002,1.311151146888733,0.7875592708587646,-0.9798476099967957,2.9144058746208508,4.56177946561744,2.21540691929205,Success
0,0,107,mel,4,25,50,1,1,0.002,1.3678960800170898,0.8005813956260681,-0.7280373573303223,2.7705883190803733,4.483632738551798,2.108479566216039,Success
0,0,108,mel,4,25,75,1,1,0.002,1.4163450002670288,0.8201127648353577,-0.5361368060112,2.6482315018670888,4.278326103908024,2.1236145113920917,Success
0,0,109,mel,5,5,20,1,1,0.002,1.375494360923767,0.7957532405853271,0.05499299615621567,2.381574022167286,3.98437660990762,1.9384021831662281,Success
0,0,110,mel,5,5,50,1,1,0.002,1.403902530670166,0.8117287158966064,0.10419581830501556,2.2542763486630157,4.082813890351126,1.7995271260795584,Success
0,0,111,mel,5,5,75,1,1,0.002,1.4217582941055298,0.8219440579414368,0.08987468481063843,2.250423958864998,4.043010237652028,1.8056032169012444,Success
0,0,112,mel,5,15,20,1,1,0.002,1.3213636875152588,0.7907611727714539,-0.27411186695098877,2.716857660267694,4.528289939017715,2.0226231934167065,Success
0,0,113,mel,5,15,50,1,1,0.002,1.376826286315918,0.8041195273399353,-0.06180662289261818,2.6986450728681284,4.3292509006773106,2.140517637703937,Success
0,0,114,mel,5,15,75,1,1,0.002,1.4183003902435303,0.8212926983833313,0.08785082399845123,2.4023036263047253,4.225004248879962,1.8691972457876647,Success
0,0,115,mel,5,25,20,1,1,0.002,1.298736572265625,0.7886837124824524,-0.4647003412246704,2.875840823595995,4.550917442733951,2.1744328108215,Success
0,0,116,mel,5,25,50,1,1,0.002,1.3541630506515503,0.8013016581535339,-0.1941184550523758,2.700286161452692,4.448348746740812,2.0503346399895253,Success
0,0,117,mel,5,25,75,1,1,0.002,1.4030585289001465,0.8216802477836609,-0.005457082763314247,2.651812926174157,4.314363327665634,2.051556971217755,Success
0,0,118,mel,6,5,20,1,1,0.002,1.3638699054718018,0.7966651320457458,0.037784505635499954,2.4042664050032747,3.971404543988345,1.966240009016646,Success
0,0,119,mel,6,5,50,1,1,0.002,1.3868598937988281,0.8110661506652832,0.09503708779811859,2.192705866462248,4.064446246103785,1.7644162208323253,Success
0,0,120,mel,6,5,75,1,1,0.002,1.4125771522521973,0.8203635215759277,0.0800326019525528,2.205502027397426,4.025449579932126,1.7795228815558293,Success
0,0,121,mel,6,15,20,1,1,0.002,1.3273522853851318,0.7911444902420044,-0.27371951937675476,2.6492507304680144,4.450326046523012,2.002167835443483,Success
0,0,122,mel,6,15,50,1,1,0.002,1.373661994934082,0.8039960265159607,-0.04858065024018288,2.6635853647234407,4.330932890396926,2.092150209323004,Success
0,0,123,mel,6,15,75,1,1,0.002,1.4127933979034424,0.8214982748031616,0.10928318649530411,2.4364421272947676,4.174949772784541,1.9657626550594849,Success
0,0,124,mel,6,25,20,1,1,0.002,1.2996091842651367,0.7893353700637817,-0.4687652587890625,2.8366378324395973,4.53893543951019,2.138984250429543,Success
0,0,125,mel,6,25,50,1,1,0.002,1.355198621749878,0.8016090393066406,-0.2125266045331955,2.693356665425336,4.452584295808638,2.054204780929392,Success
0,0,126,mel,6,25,75,1,1,0.002,1.404296875,0.8216883540153503,-0.018150025978684425,2.585150208238796,4.303787614666827,2.001922800508669,Success
0,0,127,mel,8,5,20,1,1,0.002,1.3618669509887695,0.7869370579719543,-0.027046089991927147,2.3100445193862575,4.027324079363119,1.8386531912673856,Success
0,0,128,mel,8,5,50,1,1,0.002,1.3917229175567627,0.8010028600692749,0.049766357988119125,2.3029135991655765,4.083748359363504,1.8357014978710977,Success
0,0,129,mel,8,5,75,1,1,0.002,1.4164373874664307,0.81678307056427,0.03235776349902153,2.232696609792736,4.125134977953926,1.7785378551221418,Success
0,0,130,mel,8,15,20,1,1,0.002,1.315864086151123,0.7830318808555603,-0.4503108859062195,2.6444476280366622,4.467399961568393,1.957981826180973,Success
0,0,131,mel,8,15,50,1,1,0.002,1.3682488203048706,0.7995004057884216,-0.21741953492164612,2.5933123311076005,4.332571380235826,1.9992222433996834,Success
0,0,132,mel,8,15,75,1,1,0.002,1.4107167720794678,0.818423867225647,-0.06377266347408295,2.357615297362932,4.160280685504251,1.8452929820264259,Success
0,0,133,mel,8,25,20,1,1,0.002,1.2998595237731934,0.7862141728401184,-0.8090155124664307,2.8683899658134635,4.495826727343313,2.2285204070058953,Success
0,0,134,mel,8,25,50,1,1,0.002,1.3552942276000977,0.798166036605835,-0.5271683931350708,2.778582276603307,4.475425669537133,2.120210628705067,Success
0,0,135,mel,8,25,75,1,1,0.002,1.4026188850402832,0.8181281685829163,-0.3458751440048218,2.6319107565681654,4.307678723759771,2.044741100297484,Success
0,5,1,linear,2,5,20,1,1,0.002,1.4672720432281494,0.8371117115020752,4.908873558044434,2.335500511492874,4.022176510113557,1.9835434655323525,Success
0,5,2,linear,2,5,50,1,1,0.002,1.5103874206542969,0.8568089604377747,5.012613296508789,2.343339323497277,4.104174721048087,1.9025072432872203,Success
0,5,3,linear,2,5,75,1,1,0.002,1.5306518077850342,0.8647623062133789,5.016551971435547,2.214744455950784,4.013757439464642,1.8519008020042158,Success
0,5,4,linear,2,15,20,1,1,0.002,1.3751764297485352,0.8222969770431519,4.1640238761901855,2.831506742291284,4.508794897585966,2.225790025636012,Success
0,5,5,linear,2,15,50,1,1,0.002,1.453109860420227,0.8364466428756714,4.57421875,2.534870510793262,4.316766953438009,2.007989332701916,Success
0,5,6,linear,2,15,75,1,1,0.002,1.5177998542785645,0.8565677404403687,4.854006767272949,2.4442826493761056,4.178940501831327,2.0274994949850407,Success
0,5,7,linear,2,25,20,1,1,0.002,1.346140742301941,0.8179028034210205,3.8379857540130615,2.8281874591674883,4.56009063448916,2.121646451715822,Success
0,5,8,linear,2,25,50,1,1,0.002,1.4233282804489136,0.8325772881507874,4.334033012390137,2.6728449338817337,4.406116816893861,2.101744522862599,Success
0,5,9,linear,2,25,75,1,1,0.002,1.500643253326416,0.8550786972045898,4.669103145599365,2.5996240714380163,4.2426520478620064,2.148193361512632,Success
0,5,10,linear,4,5,20,1,1,0.002,1.472381353378296,0.8408415913581848,4.935715198516846,2.209683431212951,3.9647715687095997,1.8397692864991555,Success
0,5,11,linear,4,5,50,1,1,0.002,1.5160690546035767,0.8596900701522827,5.0394368171691895,2.1718480699783846,4.022482878255914,1.777395793178144,Success
0,5,12,linear,4,5,75,1,1,0.002,1.5371203422546387,0.8675025701522827,5.0437493324279785,2.197520634902757,4.045518983469391,1.7960092530492222,Success
0,5,13,linear,4,15,20,1,1,0.002,1.379354476928711,0.8273264169692993,4.212555408477783,2.72244147958143,4.506778991030379,2.075323666827701,Success
0,5,14,linear,4,15,50,1,1,0.002,1.459144949913025,0.8415383100509644,4.628144264221191,2.619603594590852,4.354801168781326,2.042527402430403,Success
0,5,15,linear,4,15,75,1,1,0.002,1.5240445137023926,0.8609155416488647,4.90653133392334,2.4313906916890464,4.1664747702235365,1.982349201412349,Success
0,5,16,linear,4,25,20,1,1,0.002,1.3475186824798584,0.82303786277771,3.9029908180236816,2.7693810737585327,4.505512996277921,2.080550599832917,Success
0,5,17,linear,4,25,50,1,1,0.002,1.425724744796753,0.8373729586601257,4.402620315551758,2.7280973972337423,4.4467654667042,2.1356587231437407,Success
0,5,18,linear,4,25,75,1,1,0.002,1.5043034553527832,0.8602916598320007,4.7393035888671875,2.625138493342994,4.299584315950162,2.1198105445113744,Success
0,5,19,linear,5,5,20,1,1,0.002,1.4635194540023804,0.8407583236694336,4.963273525238037,2.2033840665673368,3.980143535373218,1.8334992290144818,Success
0,5,20,linear,5,5,50,1,1,0.002,1.505584478378296,0.8594575524330139,5.0681915283203125,2.186222594551211,4.024780925635221,1.7828652730053378,Success
0,5,21,linear,5,5,75,1,1,0.002,1.5320556163787842,0.8673582077026367,5.0733466148376465,2.1916177428993726,4.037535889427924,1.7952659346732087,Success
0,5,22,linear,5,15,20,1,1,0.002,1.3784267902374268,0.8274234533309937,4.233982563018799,2.7299540946489116,4.503600667802799,2.089474249956572,Success
0,5,23,linear,5,15,50,1,1,0.002,1.4589297771453857,0.8415727615356445,4.6517791748046875,2.622863167294811,4.350533319118675,2.048852127428736,Success
0,5,24,linear,5,15,75,1,1,0.002,1.5236577987670898,0.8609670400619507,4.9312896728515625,2.435143660831654,4.174018461337378,1.979503608681684,Success
0,5,25,linear,5,25,20,1,1,0.002,1.3477072715759277,0.8230276107788086,3.9099385738372803,2.753983920446776,4.501276574015193,2.0640582088345116,Success
0,5,26,linear,5,25,50,1,1,0.002,1.42592191696167,0.8373522758483887,4.409798622131348,2.728454744118707,4.448310262517727,2.133719505242438,Success
0,5,27,linear,5,25,75,1,1,0.002,1.5046454668045044,0.8602741956710815,4.746847629547119,2.6187744518402125,4.306752878878483,2.120155888731269,Success
0,5,28,linear,6,5,20,1,1,0.002,1.4622604846954346,0.8404194116592407,4.999618053436279,2.2072591894656424,3.9798515997200803,1.8358096899159915,Success
0,5,29,linear,6,5,50,1,1,0.002,1.5045533180236816,0.8592971563339233,5.105222702026367,2.1847432074018016,4.026031367220809,1.7781731089268915,Success
0,5,30,linear,6,5,75,1,1,0.002,1.5309865474700928,0.8672524094581604,5.110992908477783,2.1972699610837765,4.041681444730027,1.800245477438388,Success
0,5,31,linear,6,15,20,1,1,0.002,1.378209114074707,0.8272875547409058,4.256074905395508,2.718270579603933,4.4997856713102165,2.079077813150111,Success
0,5,32,linear,6,15,50,1,1,0.002,1.4585200548171997,0.8415846824645996,4.675590515136719,2.6145259677043065,4.340784200205861,2.0432879857231545,Success
0,5,33,linear,6,15,75,1,1,0.002,1.5232255458831787,0.8609389662742615,4.956688404083252,2.4335644953103945,4.162634346636535,1.9808580972287888,Success
0,5,34,linear,6,25,20,1,1,0.002,1.3471908569335938,0.8230997920036316,3.9355456829071045,2.7726551650043816,4.505800006027154,2.0850556492435564,Success
0,5,35,linear,6,25,50,1,1,0.002,1.4255592823028564,0.8372064232826233,4.438085556030273,2.732222909509975,4.458855127724047,2.129159228894816,Success
0,5,36,linear,6,25,75,1,1,0.002,1.5042097568511963,0.8601338863372803,4.776852607727051,2.6480969513210226,4.315301903815018,2.141780579551885,Success
0,5,37,linear,8,5,20,1,1,0.002,1.4696273803710938,0.8405701518058777,5.032516002655029,2.2224348552456252,3.97222497919114,1.84670066116612,Success
0,5,38,linear,8,5,50,1,1,0.002,1.5127017498016357,0.8591780066490173,5.137986660003662,2.1839521687469596,4.030297798941298,1.7770912901629279,Success
0,5,39,linear,8,5,75,1,1,0.002,1.5339157581329346,0.8671042323112488,5.143798828125,2.197366593725772,4.042342602208954,1.7925805754174489,Success
0,5,40,linear,8,15,20,1,1,0.002,1.377227544784546,0.8269103765487671,4.299108028411865,2.709018377598029,4.494567059536811,2.060455706309949,Success
0,5,41,linear,8,15,50,1,1,0.002,1.4566998481750488,0.8413226008415222,4.72039794921875,2.645481485216776,4.364426724626998,2.057074577250413,Success
0,5,42,linear,8,15,75,1,1,0.002,1.5214452743530273,0.8608322739601135,5.005497932434082,2.432390676440209,4.173604272636009,1.9769675585687192,Success
0,5,43,linear,8,25,20,1,1,0.002,1.345207691192627,0.8231885433197021,3.980592727661133,2.775045869014846,4.505163401245768,2.0909276998508766,Success
0,5,44,linear,8,25,50,1,1,0.002,1.423125982284546,0.8371933698654175,4.4882612228393555,2.7423050709474968,4.447133106999767,2.152448758252955,Success
0,5,45,linear,8,25,75,1,1,0.002,1.5015838146209717,0.8600661158561707,4.8314008712768555,2.650567163360471,4.313479716067864,2.146887949529793,Success
0,5,46,log,2,5,20,1,1,0.002,1.4364192485809326,0.834810197353363,4.9656524658203125,2.1513602035573722,3.8824106820987843,1.7992457207617412,Success
0,5,47,log,2,5,50,1,1,0.002,1.4849677085876465,0.8541584014892578,5.079793453216553,2.152829792672036,4.048304507946502,1.753118556422247,Success
0,5,48,log,2,5,75,1,1,0.002,1.508446216583252,0.8636326789855957,5.087432384490967,2.1611972742787127,4.035249138326971,1.7572641908326645,Success
0,5,49,log,2,15,20,1,1,0.002,1.3668732643127441,0.8189324140548706,4.1875505447387695,2.7306902911594393,4.540099484770722,2.0565453340144964,Success
0,5,50,log,2,15,50,1,1,0.002,1.4528279304504395,0.8383370637893677,4.605562210083008,2.54573854507744,4.317048994251924,1.9795647074782021,Success
0,5,51,log,2,15,75,1,1,0.002,1.5164074897766113,0.8576914668083191,4.885776042938232,2.4059877566847505,4.184930420996367,1.9680990813022623,Success
0,5,52,log,2,25,20,1,1,0.002,1.3453558683395386,0.8229192495346069,3.860062599182129,2.7734461583206595,4.529782927670492,2.067815410429102,Success
0,5,53,log,2,25,50,1,1,0.002,1.4226062297821045,0.8370420932769775,4.35919713973999,2.685794235585402,4.43736798821769,2.1028138711760858,Success
0,5,54,log,2,25,75,1,1,0.002,1.4987353086471558,0.8589361310005188,4.695629596710205,2.557246189109133,4.268508857339834,2.0605728547356796,Success
0,5,55,log,4,5,20,1,1,0.002,1.4347995519638062,0.8357630968093872,5.051555633544922,2.304966620108613,3.929011652790905,1.8858194401545039,Success
0,5,56,log,4,5,50,1,1,0.002,1.4808335304260254,0.8512125611305237,5.182158470153809,2.130020337888895,4.010269569602101,1.7146599885805294,Success
0,5,57,log,4,5,75,1,1,0.002,1.5033671855926514,0.8601914048194885,5.19069242477417,2.155924131631609,3.985647417788254,1.7270047183240125,Success
0,5,58,log,4,15,20,1,1,0.002,1.3719230890274048,0.8241879940032959,4.233392715454102,2.643671744204068,4.431669334470825,2.014730482262417,Success
0,5,59,log,4,15,50,1,1,0.002,1.4523106813430786,0.8400748372077942,4.658668518066406,2.5887557668924788,4.331889402696286,2.007368979639868,Success
0,5,60,log,4,15,75,1,1,0.002,1.5195355415344238,0.8603934049606323,4.943291664123535,2.4202848046332095,4.139952194530502,1.947051068984571,Success
0,5,61,log,4,25,20,1,1,0.002,1.342109203338623,0.8220290541648865,3.8603994846343994,2.7950579319276656,4.5180719551012665,2.10047088991458,Success
0,5,62,log,4,25,50,1,1,0.002,1.4208247661590576,0.8364077806472778,4.367987632751465,2.7860692426977622,4.467661518022461,2.1671015332286436,Success
0,5,63,log,4,25,75,1,1,0.002,1.4986906051635742,0.8570147156715393,4.7064409255981445,2.6911011660425346,4.323271649347251,2.1521841754393427,Success
0,5,64,log,5,5,20,1,1,0.002,1.4042637348175049,0.8191366195678711,4.828820705413818,2.3149669453621384,3.8992914811710726,1.9207327699425658,Success
0,5,65,log,5,5,50,1,1,0.002,1.4657870531082153,0.8525088429450989,4.965118885040283,2.1406134770316596,4.0022357654907195,1.727483415538283,Success
0,5,66,log,5,5,75,1,1,0.002,1.4981424808502197,0.864414393901825,4.981588840484619,2.1622916436919195,4.016625513244163,1.7373509716003293,Success
0,5,67,log,5,15,20,1,1,0.002,1.3532915115356445,0.813064694404602,3.999117374420166,2.554785712864556,4.463396753318798,1.8798143522185022,Success
0,5,68,log,5,15,50,1,1,0.002,1.4357585906982422,0.8311715126037598,4.404492378234863,2.602416979628206,4.277606073135673,2.0538780882451455,Success
0,5,69,log,5,15,75,1,1,0.002,1.5052955150604248,0.8575946688652039,4.697250843048096,2.366315798586934,4.077481512882614,1.9526493731366186,Success
0,5,70,log,5,25,20,1,1,0.002,1.3312920331954956,0.8186543583869934,3.8353586196899414,2.792900565595108,4.491602313086109,2.135270154950265,Success
0,5,71,log,5,25,50,1,1,0.002,1.407142162322998,0.8339701890945435,4.349373817443848,2.8197728025268205,4.458654051799301,2.2242382773688534,Success
0,5,72,log,5,25,75,1,1,0.002,1.4843028783798218,0.8559333682060242,4.695796012878418,2.7095119967127004,4.303888293085319,2.231422780488461,Success
0,5,73,log,6,5,20,1,1,0.002,1.4024802446365356,0.8244754076004028,5.142351150512695,2.440758225008675,4.008916607954248,2.0345673952148595,Success
0,5,74,log,6,5,50,1,1,0.002,1.4616998434066772,0.8508858680725098,5.290849208831787,2.1724543829847183,3.950188447922681,1.7535258475539026,Success
0,5,75,log,6,5,75,1,1,0.002,1.4985785484313965,0.8636945486068726,5.315155506134033,2.217815397856509,3.972070213247386,1.7916849260556489,Success
0,5,76,log,6,15,20,1,1,0.002,1.3558375835418701,0.813644289970398,4.266839981079102,2.8441938734298375,4.4985132042014335,2.2108796564291193,Success
0,5,77,log,6,15,50,1,1,0.002,1.4386591911315918,0.8249759674072266,4.71805477142334,2.591747343996046,4.2922330575599075,2.0281687212342643,Success
0,5,78,log,6,15,75,1,1,0.002,1.505031943321228,0.8508907556533813,5.021185874938965,2.387858174920367,4.060009658972359,1.983013060371043,Success
0,5,79,log,6,25,20,1,1,0.002,1.3395214080810547,0.8199345469474792,3.919992446899414,2.87191580073227,4.526825897166987,2.2041627210957575,Success
0,5,80,log,6,25,50,1,1,0.002,1.4195175170898438,0.8348222374916077,4.433613300323486,2.8846315668241687,4.502802868790929,2.2576994767544485,Success
0,5,81,log,6,25,75,1,1,0.002,1.495977759361267,0.8568658232688904,4.77755069732666,2.6972803935509475,4.348701586215699,2.147961654082129,Success
0,5,82,log,8,5,20,1,1,0.002,1.3874715566635132,0.822398841381073,5.158203125,2.3259204948149743,3.8945110610132176,1.9441951989726174,Success
0,5,83,log,8,5,50,1,1,0.002,1.4512196779251099,0.8514850735664368,5.306017875671387,2.146017977633598,3.9742795785698775,1.7216959243149426,Success
0,5,84,log,8,5,75,1,1,0.002,1.4806532859802246,0.8602798581123352,5.325547218322754,2.1458972726497576,3.939390302707455,1.722912599977909,Success
0,5,85,log,8,15,20,1,1,0.002,1.3388172388076782,0.8112792372703552,4.233092308044434,2.4875714649556175,4.3415801242759535,1.8636019507491015,Success
0,5,86,log,8,15,50,1,1,0.002,1.425764560699463,0.830197274684906,4.678627967834473,2.539419578488461,4.235249117517772,1.968636017743582,Success
0,5,87,log,8,15,75,1,1,0.002,1.5015385150909424,0.8575581312179565,4.9752278327941895,2.2890245928899913,3.9987367376729934,1.88367931711825,Success
0,5,88,log,8,25,20,1,1,0.002,1.3323545455932617,0.817489504814148,3.900297164916992,2.796507977813286,4.531464100026894,2.065375930333602,Success
0,5,89,log,8,25,50,1,1,0.002,1.4107657670974731,0.8319783806800842,4.417403697967529,2.715018014980188,4.483358678500825,2.085844888541996,Success
0,5,90,log,8,25,75,1,1,0.002,1.4887995719909668,0.8539501428604126,4.764232635498047,2.5728688974815097,4.298296479018185,2.060569656714396,Success
0,5,91,mel,2,5,20,1,1,0.002,1.4676454067230225,0.8372025489807129,4.90948486328125,2.331579697723127,4.008909919923513,1.9834211701084403,Success
0,5,92,mel,2,5,50,1,1,0.002,1.5115373134613037,0.8567502498626709,5.013495445251465,2.337876529539822,4.106722435293104,1.9043092044375154,Success
0,5,93,mel,2,5,75,1,1,0.002,1.530602216720581,0.8647263646125793,5.0174784660339355,2.2338389665582206,4.016505520168901,1.8617977648879684,Success
0,5,94,mel,2,15,20,1,1,0.002,1.375213623046875,0.8223296403884888,4.164031028747559,2.8230789317619966,4.506287945953838,2.209340175990959,Success
0,5,95,mel,2,15,50,1,1,0.002,1.453275442123413,0.8364328742027283,4.5742034912109375,2.537338009462666,4.3230070157076215,2.0158922290070267,Success
0,5,96,mel,2,15,75,1,1,0.002,1.5178837776184082,0.8565499186515808,4.853809833526611,2.4357104223114914,4.150181704321695,2.0241515744386454,Success
0,5,97,mel,2,25,20,1,1,0.002,1.346103549003601,0.8179674744606018,3.8378896713256836,2.835652456266853,4.557113684057117,2.131835207701219,Success
0,5,98,mel,2,25,50,1,1,0.002,1.4233275651931763,0.8326190114021301,4.333984375,2.661766985090413,4.401155019524862,2.0924444704085245,Success
0,5,99,mel,2,25,75,1,1,0.002,1.5006520748138428,0.8551322817802429,4.669069290161133,2.6015680406551485,4.238360314547557,2.1468534309422522,Success
0,5,100,mel,4,5,20,1,1,0.002,1.4685298204421997,0.8362471461296082,4.425391674041748,2.221548652002537,4.030729429515307,1.7964067244455695,Success
0,5,101,mel,4,5,50,1,1,0.002,1.5174691677093506,0.8554093837738037,4.561773777008057,2.2246473716382993,4.024010652732582,1.8035456350877688,Success
0,5,102,mel,4,5,75,1,1,0.002,1.5449331998825073,0.8649649024009705,4.571362018585205,2.228156624867209,4.053728791976496,1.8033582288327257,Success
0,5,103,mel,4,15,20,1,1,0.002,1.3808188438415527,0.8247402906417847,4.013567924499512,2.761648219848239,4.491050595056687,2.1543289513832757,Success
0,5,104,mel,4,15,50,1,1,0.002,1.4602668285369873,0.8388115167617798,4.408047676086426,2.6973771606248254,4.358279627355802,2.1464114962021914,Success
0,5,105,mel,4,15,75,1,1,0.002,1.5246577262878418,0.8589661717414856,4.689517498016357,2.4535163527237547,4.204444260756041,2.0052542469806647,Success
0,5,106,mel,4,25,20,1,1,0.002,1.352046251296997,0.8216419816017151,3.510732650756836,2.861522343607829,4.537569257431893,2.176067780014056,Success
0,5,107,mel,4,25,50,1,1,0.002,1.430940866470337,0.8363038301467896,3.9820337295532227,2.75771638543764,4.474176213325799,2.153015306351488,Success
0,5,108,mel,4,25,75,1,1,0.002,1.508037805557251,0.8586993217468262,4.3018951416015625,2.6403328950982687,4.292307353264523,2.1593737912667277,Success
0,5,109,mel,5,5,20,1,1,0.002,1.4585691690444946,0.8339813947677612,4.864367485046387,2.318386285785124,4.0168960484314296,1.9006793714195538,Success
0,5,110,mel,5,5,50,1,1,0.002,1.5034563541412354,0.8507403135299683,4.994109630584717,2.2081016689647384,4.05757724387417,1.8023072954456485,Success
0,5,111,mel,5,5,75,1,1,0.002,1.5309220552444458,0.8618789911270142,5.011413097381592,2.242680903354105,4.104861731080864,1.8201114988496976,Success
0,5,112,mel,5,15,20,1,1,0.002,1.3777618408203125,0.8257970213890076,4.249890327453613,2.7756911659445245,4.5476546020749,2.080088666825576,Success
0,5,113,mel,5,15,50,1,1,0.002,1.455625057220459,0.8401842713356018,4.684476375579834,2.69458372665475,4.398491995285151,2.075045137625942,Success
0,5,114,mel,5,15,75,1,1,0.002,1.5233957767486572,0.8601052165031433,4.965889930725098,2.4865437305119316,4.251063348025675,1.9872315507597111,Success
0,5,115,mel,5,25,20,1,1,0.002,1.3430683612823486,0.8225694298744202,3.9694390296936035,2.81292755407607,4.54290169123104,2.100829904342745,Success
0,5,116,mel,5,25,50,1,1,0.002,1.421355962753296,0.8367332220077515,4.490520477294922,2.768830456484205,4.4865359655455626,2.1292412454720564,Success
0,5,117,mel,5,25,75,1,1,0.002,1.4997718334197998,0.8595089316368103,4.831362724304199,2.6904417451199545,4.349933612807428,2.140220346092574,Success
0,5,118,mel,6,5,20,1,1,0.002,1.4463896751403809,0.833968997001648,4.8402814865112305,2.356604180748455,4.012668350789742,1.9361392637525323,Success
0,5,119,mel,6,5,50,1,1,0.002,1.48616361618042,0.8497090339660645,4.980274200439453,2.0877330871746724,3.9559364248729536,1.7131853838231414,Success
0,5,120,mel,6,5,75,1,1,0.002,1.5221192836761475,0.8592512011528015,5.001406192779541,2.1773420037782105,4.056843558605464,1.7761313229501854,Success
0,5,121,mel,6,15,20,1,1,0.002,1.374399185180664,0.825986921787262,4.253208637237549,2.774869273706397,4.508404913889611,2.1511892435817233,Success
0,5,122,mel,6,15,50,1,1,0.002,1.4534146785736084,0.8401494026184082,4.692968845367432,2.622941757809873,4.309999585697744,2.085027796739187,Success
0,5,123,mel,6,15,75,1,1,0.002,1.5189049243927002,0.8602641820907593,4.982048034667969,2.4382789256790462,4.137055832455133,2.019532232215236,Success
0,5,124,mel,6,25,20,1,1,0.002,1.344259262084961,0.8232821226119995,3.9639205932617188,2.7834361974885233,4.524212552654804,2.0938218704243705,Success
0,5,125,mel,6,25,50,1,1,0.002,1.421665906906128,0.8371991515159607,4.473034858703613,2.7407762667828965,4.425434549602424,2.1679013211957523,Success
0,5,126,mel,6,25,75,1,1,0.002,1.5001143217086792,0.8597128391265869,4.816058158874512,2.648857697708802,4.293345583327565,2.163201939606126,Success
0,5,127,mel,8,5,20,1,1,0.002,1.4289076328277588,0.8246147036552429,4.740042686462402,2.2085861533395037,4.006808574536994,1.7555472021889464,Success
0,5,128,mel,8,5,50,1,1,0.002,1.4886881113052368,0.8389138579368591,4.918909072875977,2.1348779947562093,4.007471953152308,1.7505644637934799,Success
0,5,129,mel,8,5,75,1,1,0.002,1.527780532836914,0.8564165830612183,4.932309150695801,2.156309506384477,4.074899745457074,1.7789712313453834,Success
0,5,130,mel,8,15,20,1,1,0.002,1.3583271503448486,0.818670928478241,3.9984092712402344,2.5463065633192525,4.425815355684423,1.8976694090047996,Success
0,5,131,mel,8,15,50,1,1,0.002,1.444023847579956,0.8352200388908386,4.463601112365723,2.7408336191320704,4.410831695465709,2.161731416227924,Success
0,5,132,mel,8,15,75,1,1,0.002,1.5144250392913818,0.8572205305099487,4.748720169067383,2.3707887697443297,4.193415337945808,1.9057240923788814,Success
0,5,133,mel,8,25,20,1,1,0.002,1.3428828716278076,0.8205056190490723,3.61885666847229,2.7889140120308196,4.520698964010687,2.085940010329813,Success
0,5,134,mel,8,25,50,1,1,0.002,1.4199490547180176,0.8335116505622864,4.139483451843262,2.7626807280807935,4.473580864132906,2.1451751175298224,Success
0,5,135,mel,8,25,75,1,1,0.002,1.4970437288284302,0.8556526899337769,4.469860076904297,2.5772039127682516,4.265660079923259,2.066094929784192,Success
0,10,1,linear,2,5,20,1,1,0.002,1.6520373821258545,0.8667330741882324,9.57172966003418,2.308421813123231,4.058417583456907,1.9138692356209461,Success
0,10,2,linear,2,5,50,1,1,0.002,1.7325139045715332,0.8878105282783508,9.846733093261719,2.28967764144551,4.069743296004994,1.8529029483982455,Success
0,10,3,linear,2,5,75,1,1,0.002,1.766860008239746,0.8967583179473877,9.93726921081543,2.1928478660636963,3.979865926677809,1.8392546439379995,Success
0,10,4,linear,2,15,20,1,1,0.002,1.496372103691101,0.849520742893219,8.058207511901855,2.776423711022366,4.4953500875813,2.1390054044254216,Success
0,10,5,linear,2,15,50,1,1,0.002,1.6227476596832275,0.8650910258293152,8.974434852600098,2.635272348289011,4.264759988084466,2.1737290776555285,Success
0,10,6,linear,2,15,75,1,1,0.002,1.7373515367507935,0.8872660398483276,9.582056045532227,2.5048901940978046,4.156495454008773,2.0815411703446953,Success
0,10,7,linear,2,25,20,1,1,0.002,1.4506973028182983,0.8449466228485107,7.556366443634033,2.9266891360384517,4.549610936196756,2.2885645739401697,Success
0,10,8,linear,2,25,50,1,1,0.002,1.573271632194519,0.8608521819114685,8.570419311523438,2.6975862897255087,4.419694939149109,2.1077342477373295,Success
0,10,9,linear,2,25,75,1,1,0.002,1.7035531997680664,0.8848550319671631,9.24336051940918,2.6651658578610977,4.2351883227799805,2.217004950027226,Success
0,10,10,linear,4,5,20,1,1,0.002,1.659299612045288,0.8711223006248474,9.614494323730469,2.206077728290152,4.011354145109966,1.8008011558751278,Success
0,10,11,linear,4,5,50,1,1,0.002,1.7397122383117676,0.891046941280365,9.890532493591309,2.1581437542762156,4.012201700854466,1.7688694326632763,Success
0,10,12,linear,4,5,75,1,1,0.002,1.776381015777588,0.8998702168464661,9.982582092285156,2.1316177904546465,3.9891907262738027,1.760680861289192,Success
0,10,13,linear,4,15,20,1,1,0.002,1.5026448965072632,0.8553285598754883,8.131429672241211,2.685490251235949,4.456188692317018,2.0520215066154113,Success
0,10,14,linear,4,15,50,1,1,0.002,1.6336184740066528,0.8706549406051636,9.066862106323242,2.6561750722789275,4.290405990304457,2.1505640946007687,Success
0,10,15,linear,4,15,75,1,1,0.002,1.7451460361480713,0.8915824890136719,9.680130958557129,2.545035006992697,4.173113208427118,2.1108598723264427,Success
0,10,16,linear,4,25,20,1,1,0.002,1.4531431198120117,0.85040283203125,7.656826972961426,2.9017196170345856,4.531387936754686,2.267001174704161,Success
0,10,17,linear,4,25,50,1,1,0.002,1.5784556865692139,0.8660270571708679,8.691299438476562,2.760510073243438,4.460698425672969,2.1542596427052843,Success
0,10,18,linear,4,25,75,1,1,0.002,1.710264801979065,0.8902577757835388,9.380449295043945,2.592294446802923,4.235945384859327,2.162384453644374,Success
0,10,19,linear,5,5,20,1,1,0.002,1.6442971229553223,0.8710029125213623,9.622522354125977,2.2036622498601566,4.029795945016897,1.7981289777206915,Success
0,10,20,linear,5,5,50,1,1,0.002,1.722562313079834,0.8907241821289062,9.90090274810791,2.1713146144885633,4.041726607130229,1.7575815856085295,Success
0,10,21,linear,5,5,75,1,1,0.002,1.767402172088623,0.8996872901916504,9.994922637939453,2.1332553882608916,3.9959609228646706,1.759129289045503,Success
0,10,22,linear,5,15,20,1,1,0.002,1.5016342401504517,0.8553469181060791,8.142191886901855,2.7008355631851253,4.457506249026542,2.0774562283879123,Success
0,10,23,linear,5,15,50,1,1,0.002,1.633103847503662,0.8707338571548462,9.081092834472656,2.661101823129156,4.294482854244857,2.1708409474811527,Success
0,10,24,linear,5,15,75,1,1,0.002,1.7452964782714844,0.8916425108909607,9.69688606262207,2.5499557680752694,4.177017079105745,2.1189205237657944,Success
0,10,25,linear,5,25,20,1,1,0.002,1.4534319639205933,0.8504423499107361,7.660576820373535,2.9163327393012133,4.533841291095614,2.28751005624632,Success
0,10,26,linear,5,25,50,1,1,0.002,1.578747034072876,0.8660160899162292,8.695045471191406,2.783677955949836,4.457747987478945,2.185554693959666,Success
0,10,27,linear,5,25,75,1,1,0.002,1.7107110023498535,0.8902236223220825,9.385025024414062,2.6004404661889065,4.235054536925809,2.169240256207849,Success
0,10,28,linear,6,5,20,1,1,0.002,1.6434608697891235,0.8706121444702148,9.65455150604248,2.203119685605236,4.0220894126950135,1.8069814473438892,Success
0,10,29,linear,6,5,50,1,1,0.002,1.7217786312103271,0.890586793422699,9.935713768005371,2.1696599973096027,4.041057775460344,1.759129014972367,Success
0,10,30,linear,6,5,75,1,1,0.002,1.7663848400115967,0.8996183276176453,10.031384468078613,2.133320428655404,3.9972960095370067,1.7572550653681855,Success
0,10,31,linear,6,15,20,1,1,0.002,1.501563310623169,0.8552616238594055,8.156288146972656,2.718548115267169,4.476206306217324,2.0879367299487774,Success
0,10,32,linear,6,15,50,1,1,0.002,1.6329138278961182,0.8707829117774963,9.098880767822266,2.65463065667635,4.293272454385332,2.1612351663517546,Success
0,10,33,linear,6,15,75,1,1,0.002,1.746297001838684,0.8917133212089539,9.719854354858398,2.5404506566557026,4.166426076783401,2.1158370227058345,Success
0,10,34,linear,6,25,20,1,1,0.002,1.4531939029693604,0.8504472970962524,7.675169944763184,2.897551015931682,4.521623578152269,2.267883135765531,Success
0,10,35,linear,6,25,50,1,1,0.002,1.5786703824996948,0.8658863306045532,8.713396072387695,2.7940618870715235,4.46399252283943,2.1919751774928877,Success
0,10,36,linear,6,25,75,1,1,0.002,1.710466742515564,0.8900541663169861,9.407143592834473,2.5959222395943202,4.227417154716287,2.172260107754655,Success
0,10,37,linear,8,5,20,1,1,0.002,1.6574223041534424,0.8708212971687317,9.69716739654541,2.213265720859388,4.0116028807624495,1.8112257070226425,Success
0,10,38,linear,8,5,50,1,1,0.002,1.7369377613067627,0.8907009363174438,9.980538368225098,2.156527356209891,4.010453616754195,1.766899167917923,Success
0,10,39,linear,8,5,75,1,1,0.002,1.7739312648773193,0.8995139598846436,10.07802963256836,2.133345594214607,3.9818822036795063,1.759248166438825,Success
0,10,40,linear,8,15,20,1,1,0.002,1.501469612121582,0.854820966720581,8.18299388885498,2.6863549926331594,4.441079632525959,2.065642923971097,Success
0,10,41,linear,8,15,50,1,1,0.002,1.6326205730438232,0.8704491257667542,9.128833770751953,2.6587153145678197,4.296496144982924,2.16452906115855,Success
0,10,42,linear,8,15,75,1,1,0.002,1.743420124053955,0.8917188048362732,9.761797904968262,2.5328823180916813,4.1623695651417405,2.1077626759065633,Success
0,10,43,linear,8,25,20,1,1,0.002,1.4516276121139526,0.850486695766449,7.699012279510498,2.954461327620406,4.566154988239037,2.307430700238971,Success
0,10,44,linear,8,25,50,1,1,0.002,1.5769835710525513,0.8658453822135925,8.74547290802002,2.8183325811274904,4.464951002700151,2.213672639226483,Success
0,10,45,linear,8,25,75,1,1,0.002,1.7084331512451172,0.8901264667510986,9.449960708618164,2.623500676791876,4.229869864641954,2.1811003634712813,Success
0,10,46,log,2,5,20,1,1,0.002,1.6086260080337524,0.8635683059692383,9.596794128417969,2.124199890814831,3.922797469278853,1.7525506926679244,Success
0,10,47,log,2,5,50,1,1,0.002,1.6936841011047363,0.8846006989479065,9.899367332458496,2.1341802712626534,3.9976944707883972,1.73748802778129,Success
0,10,48,log,2,5,75,1,1,0.002,1.736801266670227,0.8954419493675232,10.002145767211914,2.0998167696938546,3.9617195621432892,1.7265425533126386,Success
0,10,49,log,2,15,20,1,1,0.002,1.483323574066162,0.8461428880691528,8.09239673614502,2.7825569724672783,4.512659983405011,2.1391056816033434,Success
0,10,50,log,2,15,50,1,1,0.002,1.6209203004837036,0.8665745258331299,9.030734062194824,2.6743570110133046,4.284516465946054,2.158069083676954,Success
0,10,51,log,2,15,75,1,1,0.002,1.7339651584625244,0.8877010345458984,9.64367961883545,2.5208482195902078,4.190766786209089,2.070684847742282,Success
0,10,52,log,2,25,20,1,1,0.002,1.4494208097457886,0.8493887186050415,7.596224784851074,2.895872100998069,4.512011244761162,2.2775969139550942,Success
0,10,53,log,2,25,50,1,1,0.002,1.5730098485946655,0.8651670813560486,8.621726036071777,2.7089964658073846,4.432890019732514,2.101651920365061,Success
0,10,54,log,2,25,75,1,1,0.002,1.6989216804504395,0.888269305229187,9.303152084350586,2.584547335560286,4.226652017486319,2.1446030010508426,Success
0,10,55,log,4,5,20,1,1,0.002,1.604410171508789,0.864884614944458,9.518750190734863,2.2393904845522346,3.9529972747942757,1.8141499504757392,Success
0,10,56,log,4,5,50,1,1,0.002,1.68600594997406,0.8816002607345581,9.858199119567871,2.185761825302231,4.008530126445073,1.7405904730376376,Success
0,10,57,log,4,5,75,1,1,0.002,1.725665807723999,0.8920815587043762,9.971610069274902,2.1252612894740097,3.913102325530122,1.723418104432713,Success
0,10,58,log,4,15,20,1,1,0.002,1.4918982982635498,0.8521832227706909,8.052974700927734,2.619444914943642,4.366433758105377,2.0407408518136507,Success
0,10,59,log,4,15,50,1,1,0.002,1.624144196510315,0.8683844804763794,9.003792762756348,2.652983117111743,4.317380976116698,2.0863715408572654,Success
0,10,60,log,4,15,75,1,1,0.002,1.7377252578735352,0.8907373547554016,9.618178367614746,2.4753987281325682,4.1556325532686875,1.9843528316075931,Success
0,10,61,log,4,25,20,1,1,0.002,1.4448583126068115,0.8492138981819153,7.571883201599121,2.9269101011733825,4.517989926748405,2.310022070728659,Success
0,10,62,log,4,25,50,1,1,0.002,1.5701117515563965,0.8648169636726379,8.610597610473633,2.9070523789505867,4.493161045157587,2.3124528793454964,Success
0,10,63,log,4,25,75,1,1,0.002,1.700736165046692,0.8862873315811157,9.292475700378418,2.675050857497583,4.252557284468265,2.2125838158856834,Success
0,10,64,log,5,5,20,1,1,0.002,1.55690598487854,0.8475527763366699,9.233165740966797,2.2236072106313354,3.968486481262845,1.8032284595529706,Success
0,10,65,log,5,5,50,1,1,0.002,1.6632968187332153,0.8826601505279541,9.578853607177734,2.1283532411768564,3.9653260459400372,1.699046185509731,Success
0,10,66,log,5,5,75,1,1,0.002,1.7188637256622314,0.8964133858680725,9.702852249145508,2.1156896059256325,3.888707623654581,1.7386975315338766,Success
0,10,67,log,5,15,20,1,1,0.002,1.4605154991149902,0.8409003019332886,7.783746719360352,2.6621168787707403,4.409927568622584,2.0432904544029156,Success
0,10,68,log,5,15,50,1,1,0.002,1.5956385135650635,0.8590666651725769,8.680768013000488,2.6399359809657508,4.2732708143204015,2.0743452008033763,Success
0,10,69,log,5,15,75,1,1,0.002,1.716599941253662,0.8875216245651245,9.290810585021973,2.383952556779479,4.069418132239309,1.9247161462292397,Success
0,10,70,log,5,25,20,1,1,0.002,1.428505301475525,0.8455339670181274,7.487278938293457,2.9042674998740257,4.4900049768601615,2.3201993344758955,Success
0,10,71,log,5,25,50,1,1,0.002,1.5496118068695068,0.8612223863601685,8.522494316101074,2.8440770805494195,4.483439738954962,2.236601874178211,Success
0,10,72,log,5,25,75,1,1,0.002,1.6782093048095703,0.884374737739563,9.214597702026367,2.719518309765498,4.263811455722949,2.2826516574082354,Success
0,10,73,log,6,5,20,1,1,0.002,1.556681752204895,0.8529391288757324,9.404006958007812,2.377220820257419,4.024974378674391,1.9552625201249112,Success
0,10,74,log,6,5,50,1,1,0.002,1.6560032367706299,0.8806944489479065,9.77853012084961,2.1728920177339925,3.9051074251595295,1.751835892327512,Success
0,10,75,log,6,5,75,1,1,0.002,1.7244285345077515,0.8953034281730652,9.915167808532715,2.2022949876440823,3.952335701143874,1.768963295017418,Success
0,10,76,log,6,15,20,1,1,0.002,1.463127613067627,0.8407847881317139,7.854340076446533,2.812496760887089,4.434714563278646,2.2641930362102953,Success
0,10,77,log,6,15,50,1,1,0.002,1.607418417930603,0.8525165915489197,8.81506633758545,2.7164550223064245,4.30375214131976,2.1973125462601977,Success
0,10,78,log,6,15,75,1,1,0.002,1.7225582599639893,0.8800825476646423,9.462343215942383,2.4056490367673087,4.048403981698069,1.9924582724750646,Success
0,10,79,log,6,25,20,1,1,0.002,1.4426133632659912,0.8469080924987793,7.528246879577637,2.9813691240143196,4.507215066922498,2.392534810895217,Success
0,10,80,log,6,25,50,1,1,0.002,1.5713388919830322,0.8628125786781311,8.555155754089355,2.8932949011084754,4.5208715098172965,2.255122706409153,Success
0,10,81,log,6,25,75,1,1,0.002,1.7013484239578247,0.8861332535743713,9.238157272338867,2.6661880185097355,4.272059943931988,2.1831263006430826,Success
0,10,82,log,8,5,20,1,1,0.002,1.535292148590088,0.8508351445198059,9.344839096069336,2.3270782664039924,3.936372671544175,1.9187365059274875,Success
0,10,83,log,8,5,50,1,1,0.002,1.646919846534729,0.8816196918487549,9.719496726989746,2.1614972413117255,3.9572277842137518,1.7431254574275072,Success
0,10,84,log,8,5,75,1,1,0.002,1.6992974281311035,0.8921899795532227,9.857126235961914,2.142860879755026,3.892428914411919,1.7386449530968466,Success
0,10,85,log,8,15,20,1,1,0.002,1.4414368867874146,0.8378782272338867,7.826361656188965,2.612464117867576,4.369208409013212,1.9958062342315381,Success
0,10,86,log,8,15,50,1,1,0.002,1.5828461647033691,0.8573870062828064,8.789084434509277,2.584193750301829,4.261930426296758,1.9887926818814148,Success
0,10,87,log,8,15,75,1,1,0.002,1.7107832431793213,0.8869945406913757,9.41209888458252,2.3278106209717904,4.034459394664584,1.8688674692887421,Success
0,10,88,log,8,25,20,1,1,0.002,1.4328147172927856,0.8446285724639893,7.539375305175781,2.8235417408908,4.4626149004774165,2.1924052460375933,Success
0,10,89,log,8,25,50,1,1,0.002,1.5569326877593994,0.8597567081451416,8.588680267333984,2.777073071127902,4.449495111134432,2.1767759212210835,Success
0,10,90,log,8,25,75,1,1,0.002,1.6908628940582275,0.8827935457229614,9.288262367248535,2.5854845680173906,4.24037238546746,2.1053582669426607,Success
0,10,91,mel,2,5,20,1,1,0.002,1.6528973579406738,0.8668051362037659,9.571337699890137,2.3004173662931002,4.0407336715260564,1.9182807444846464,Success
0,10,92,mel,2,5,50,1,1,0.002,1.7343956232070923,0.8877886533737183,9.846780776977539,2.2908835466733364,4.072974426183591,1.8513584042526794,Success
0,10,93,mel,2,5,75,1,1,0.002,1.766727328300476,0.8967211246490479,9.937295913696289,2.2086280525010937,3.995849936374093,1.8456444450774694,Success
0,10,94,mel,2,15,20,1,1,0.002,1.4964642524719238,0.849585235118866,8.05794906616211,2.7583580161106362,4.479574659628135,2.127480659716367,Success
0,10,95,mel,2,15,50,1,1,0.002,1.623223900794983,0.8650912046432495,8.974079132080078,2.632174378517316,4.25359865596287,2.1752861085695545,Success
0,10,96,mel,2,15,75,1,1,0.002,1.737583875656128,0.8872667551040649,9.581205368041992,2.508314831229461,4.154532881279878,2.079848852814034,Success
0,10,97,mel,2,25,20,1,1,0.002,1.4507125616073608,0.8450669646263123,7.556113243103027,2.924784573168958,4.550158833264207,2.28319376715216,Success
0,10,98,mel,2,25,50,1,1,0.002,1.5733346939086914,0.8609279990196228,8.570149421691895,2.6971233350601147,4.416988230059292,2.1068444370107398,Success
0,10,99,mel,2,25,75,1,1,0.002,1.7036393880844116,0.8849340081214905,9.243104934692383,2.6636537182720086,4.2367764523933475,2.2121335134002655,Success
0,10,100,mel,4,5,20,1,1,0.002,1.6465611457824707,0.8665766716003418,8.963984489440918,2.2174394347436426,4.075435149400245,1.774339903438489,Success
0,10,101,mel,4,5,50,1,1,0.002,1.7319471836090088,0.8865585327148438,9.28188705444336,2.209059747431206,4.015426025538493,1.8040045784801808,Success
0,10,102,mel,4,5,75,1,1,0.002,1.777034044265747,0.897515058517456,9.374417304992676,2.1361873439948544,3.9685554673980263,1.7750510930026644,Success
0,10,103,mel,4,15,20,1,1,0.002,1.503192663192749,0.8531575798988342,7.899134159088135,2.787510106286055,4.4507522065582075,2.20505335649932,Success
0,10,104,mel,4,15,50,1,1,0.002,1.6323127746582031,0.8684500455856323,8.78354263305664,2.7378471698982634,4.3373545093906305,2.2427837702915765,Success
0,10,105,mel,4,15,75,1,1,0.002,1.74469792842865,0.8899219036102295,9.37289810180664,2.5496384536670065,4.175004288838508,2.1005253274081084,Success
0,10,106,mel,4,25,20,1,1,0.002,1.4550256729125977,0.849244236946106,7.318972587585449,2.9201575877521915,4.5350267721700614,2.303126793044965,Success
0,10,107,mel,4,25,50,1,1,0.002,1.5799081325531006,0.8652991056442261,8.274842262268066,2.830084603848521,4.4916042895555925,2.2220471313213457,Success
0,10,108,mel,4,25,75,1,1,0.002,1.7097327709197998,0.8891523480415344,8.892553329467773,2.618021297498872,4.227220786981513,2.203370839043044,Success
0,10,109,mel,5,5,20,1,1,0.002,1.6351966857910156,0.8644664883613586,9.354961395263672,2.3062133866176175,4.077402566096427,1.8599567483185544,Success
0,10,110,mel,5,5,50,1,1,0.002,1.7141371965408325,0.8819069266319275,9.691971778869629,2.190625454160875,4.058387840095675,1.7690097144283807,Success
0,10,111,mel,5,5,75,1,1,0.002,1.7603622674942017,0.8942256569862366,9.806114196777344,2.162828487789428,4.058976785653543,1.7498377426620195,Success
0,10,112,mel,5,15,20,1,1,0.002,1.5010099411010742,0.8537053465843201,8.065089225769043,2.657309206452286,4.456110647915092,2.028839147479264,Success
0,10,113,mel,5,15,50,1,1,0.002,1.6285895109176636,0.8693937063217163,9.031946182250977,2.6370320398019067,4.294406238561496,2.1285314433468927,Success
0,10,114,mel,5,15,75,1,1,0.002,1.7454180717468262,0.8910210728645325,9.650306701660156,2.5378163304717596,4.211965808016785,2.07624366694992,Success
0,10,115,mel,5,25,20,1,1,0.002,1.449211597442627,0.8499499559402466,7.6605224609375,2.991463377922358,4.612995636208267,2.3133205271331416,Success
0,10,116,mel,5,25,50,1,1,0.002,1.5748088359832764,0.8653983473777771,8.721562385559082,2.8160777168475817,4.465081106813215,2.189258669388121,Success
0,10,117,mel,5,25,75,1,1,0.002,1.7056868076324463,0.8894994258880615,9.419441223144531,2.6469490945650107,4.291828823131296,2.1282986017923595,Success
0,10,118,mel,6,5,20,1,1,0.002,1.6174938678741455,0.8636135458946228,9.304152488708496,2.3656565676929615,4.0691919070442895,1.8985537397167451,Success
0,10,119,mel,6,5,50,1,1,0.002,1.6919505596160889,0.881055474281311,9.653890609741211,2.0715240800508234,3.9804386885615117,1.6995090668950834,Success
0,10,120,mel,6,5,75,1,1,0.002,1.7533271312713623,0.8913909196853638,9.78423023223877,2.097342570093028,3.9856993403695555,1.7292137597143291,Success
0,10,121,mel,6,15,20,1,1,0.002,1.497639536857605,0.8540804386138916,8.069538116455078,2.806978416175989,4.462370463519336,2.2279007488237466,Success
0,10,122,mel,6,15,50,1,1,0.002,1.6289069652557373,0.8694104552268982,9.026755332946777,2.682601683521309,4.297319163581497,2.204045301553291,Success
0,10,123,mel,6,15,75,1,1,0.002,1.7409831285476685,0.8911444544792175,9.64747428894043,2.5221610444707547,4.1262569569616865,2.0922359675556588,Success
0,10,124,mel,6,25,20,1,1,0.002,1.4507097005844116,0.8505955934524536,7.651409149169922,2.9490833068343743,4.537103946777307,2.338691130872323,Success
0,10,125,mel,6,25,50,1,1,0.002,1.5753726959228516,0.8659005165100098,8.704930305480957,2.8701950654737107,4.465887337542575,2.3029416228605544,Success
0,10,126,mel,6,25,75,1,1,0.002,1.706195592880249,0.8897440433502197,9.395248413085938,2.5980693621219455,4.2043478245824915,2.1892599516509113,Success
0,10,127,mel,8,5,20,1,1,0.002,1.5872293710708618,0.8547223806381226,9.111156463623047,2.144403869273012,3.965651773619115,1.7403898233365231,Success
0,10,128,mel,8,5,50,1,1,0.002,1.6894959211349487,0.8695946335792542,9.546587944030762,2.116789775130959,4.018788855926057,1.7160830501692717,Success
0,10,129,mel,8,5,75,1,1,0.002,1.755110502243042,0.8886664509773254,9.652568817138672,2.1538576040573747,4.039726291821025,1.7668596584668161,Success
0,10,130,mel,8,15,20,1,1,0.002,1.4717239141464233,0.8471730351448059,7.643978595733643,2.619074263872804,4.426002210277534,1.980452838809046,Success
0,10,131,mel,8,15,50,1,1,0.002,1.6100304126739502,0.8643611073493958,8.635824203491211,2.722444679256317,4.325854213334151,2.2194728073575045,Success
0,10,132,mel,8,15,75,1,1,0.002,1.7315049171447754,0.8881481289863586,9.23812484741211,2.4195746143770784,4.167506175523242,1.9629427894844784,Success
0,10,133,mel,8,25,20,1,1,0.002,1.4450544118881226,0.8480692505836487,7.284536838531494,2.916574084605965,4.539622129531719,2.2684921688372808,Success
0,10,134,mel,8,25,50,1,1,0.002,1.5693895816802979,0.8621722459793091,8.314436912536621,2.8186968199115783,4.476382902079692,2.2049638847171638,Success
0,10,135,mel,8,25,75,1,1,0.002,1.6979875564575195,0.8856505155563354,8.987710952758789,2.615867802786409,4.2942171292863955,2.108392252065909,Success
0,15,1,linear,2,5,20,1,1,0.002,1.9727702140808105,0.8897215127944946,13.665848731994629,2.2813296768080016,3.905706176550492,1.9125777035943485,Success
0,15,2,linear,2,5,50,1,1,0.002,2.118903398513794,0.9117832183837891,14.353407859802246,2.2952519279059156,3.9750233531027117,1.8937701230329707,Success
0,15,3,linear,2,5,75,1,1,0.002,2.183830499649048,0.9215930700302124,14.69720458984375,2.189295239267053,3.8446838508511387,1.849339964985634,Success
0,15,4,linear,2,15,20,1,1,0.002,1.7077264785766602,0.8735642433166504,10.784039497375488,2.9626401782161103,4.501296480748139,2.404798151783776,Success
0,15,5,linear,2,15,50,1,1,0.002,1.9289849996566772,0.8925884366035461,12.632139205932617,2.916432360652763,4.336221480819446,2.5229255215946025,Success
0,15,6,linear,2,15,75,1,1,0.002,2.1637258529663086,0.9154508709907532,14.08210563659668,2.5151468644016055,4.082632689447191,2.123597437358533,Success
0,15,7,linear,2,25,20,1,1,0.002,1.631150722503662,0.8688058853149414,10.087484359741211,3.069975583657166,4.546581278881834,2.518909713807942,Success
0,15,8,linear,2,25,50,1,1,0.002,1.8485021591186523,0.8854014277458191,11.925190925598145,2.8563398043717085,4.404025590401158,2.3432626607483362,Success
0,15,9,linear,2,25,75,1,1,0.002,2.0754475593566895,0.9122499823570251,13.428412437438965,2.8722485962928435,4.271585189427004,2.5482717445026313,Success
0,15,10,linear,4,5,20,1,1,0.002,1.9872721433639526,0.8946260809898376,13.748656272888184,2.2673301866275146,3.9845329425269527,1.8700380625426813,Success
0,15,11,linear,4,5,50,1,1,0.002,2.129605531692505,0.9155402183532715,14.44558048248291,2.2332006697572173,3.938805848939367,1.8429560439397676,Success
0,15,12,linear,4,5,75,1,1,0.002,2.1968328952789307,0.9249846935272217,14.798259735107422,2.1878248249105017,3.896198057545233,1.817870372347467,Success
0,15,13,linear,4,15,20,1,1,0.002,1.7237882614135742,0.8776066899299622,10.879478454589844,2.9161282466185696,4.484364664235113,2.365116624510779,Success
0,15,14,linear,4,15,50,1,1,0.002,1.957973837852478,0.8960036039352417,12.752706527709961,2.8942845094890313,4.3199157314660095,2.519028344239155,Success
0,15,15,linear,4,15,75,1,1,0.002,2.166944742202759,0.9189339876174927,14.175963401794434,2.508818563187822,4.0758440907768785,2.119096818557062,Success
0,15,16,linear,4,25,20,1,1,0.002,1.6359565258026123,0.8728971481323242,10.237870216369629,3.1279764340905594,4.550497857524845,2.6117099524404015,Success
0,15,17,linear,4,25,50,1,1,0.002,1.8537516593933105,0.8910935521125793,12.138357162475586,2.870210396629176,4.424022737006367,2.36796369722069,Success
0,15,18,linear,4,25,75,1,1,0.002,2.0844173431396484,0.9165588617324829,13.675293922424316,2.895222991380478,4.289563926576655,2.5242617351823697,Success
0,15,19,linear,5,5,20,1,1,0.002,1.9615957736968994,0.8944317698478699,13.710378646850586,2.274116665857127,3.9911273138976413,1.8669349841653056,Success
0,15,20,linear,5,5,50,1,1,0.002,2.0964596271514893,0.9151246547698975,14.406303405761719,2.2659801802227553,3.98461714778596,1.8550177954138614,Success
0,15,21,linear,5,5,75,1,1,0.002,2.181041717529297,0.9247491955757141,14.760107040405273,2.20570458789487,3.923987711184715,1.8194326480246286,Success
0,15,22,linear,5,15,20,1,1,0.002,1.7223838567733765,0.8775428533554077,10.874715805053711,2.90961049749745,4.482189431185984,2.3636878512356128,Success
0,15,23,linear,5,15,50,1,1,0.002,1.957788348197937,0.8959847688674927,12.748634338378906,2.8944135931254387,4.316325287314462,2.5229087310552347,Success
0,15,24,linear,5,15,75,1,1,0.002,2.168630599975586,0.918929934501648,14.172883987426758,2.4975587369588017,4.06819878576846,2.1120605838876494,Success
0,15,25,linear,5,25,20,1,1,0.002,1.6357030868530273,0.8729428648948669,10.237292289733887,3.1302477829660966,4.555938258996258,2.6167926193941162,Success
0,15,26,linear,5,25,50,1,1,0.002,1.8538453578948975,0.8911284804344177,12.136554718017578,2.879487353282439,4.421170076493294,2.3898815618395126,Success
0,15,27,linear,5,25,75,1,1,0.002,2.0837795734405518,0.9165670871734619,13.674436569213867,2.9203525287953522,4.298210938965328,2.5544343125218396,Success
0,15,28,linear,6,5,20,1,1,0.002,1.9615185260772705,0.8940730094909668,13.731918334960938,2.272998513727782,3.9765967689790647,1.8702103019599476,Success
0,15,29,linear,6,5,50,1,1,0.002,2.0963761806488037,0.9150846600532532,14.434479713439941,2.26911681657421,3.9846454931588577,1.862738476459235,Success
0,15,30,linear,6,5,75,1,1,0.002,2.181565523147583,0.9246774315834045,14.79263687133789,2.2069175125851914,3.9244155925995226,1.8217225341258485,Success
0,15,31,linear,6,15,20,1,1,0.002,1.7230274677276611,0.8775818943977356,10.877399444580078,2.925515829878133,4.499580281312261,2.365766696531583,Success
0,15,32,linear,6,15,50,1,1,0.002,1.9581608772277832,0.8959636688232422,12.75481128692627,2.9004904777711444,4.315795292217304,2.533669086478508,Success
0,15,33,linear,6,15,75,1,1,0.002,2.1686747074127197,0.91897052526474,14.190569877624512,2.4942892882739387,4.066164043303195,2.1118163354144452,Success
0,15,34,linear,6,25,20,1,1,0.002,1.635180950164795,0.8730467557907104,10.238479614257812,3.1331420647904693,4.561472852979108,2.6170191555143143,Success
0,15,35,linear,6,25,50,1,1,0.002,1.853966474533081,0.8910648822784424,12.138466835021973,2.863460908939389,4.409902452844438,2.3805848529787883,Success
0,15,36,linear,6,25,75,1,1,0.002,2.0842370986938477,0.9165582060813904,13.681321144104004,2.891294443506674,4.263057524266059,2.544656956380433,Success
0,15,37,linear,8,5,20,1,1,0.002,1.987260341644287,0.8943507671356201,13.796557426452637,2.287389271903821,3.9860554259439134,1.891111008216723,Success
0,15,38,linear,8,5,50,1,1,0.002,2.1279358863830566,0.915129542350769,14.510854721069336,2.2216013788984,3.9517216393188157,1.8322999327994804,Success
0,15,39,linear,8,5,75,1,1,0.002,2.196014404296875,0.9245867133140564,14.878939628601074,2.1914641941246438,3.905213947042961,1.8200865909864532,Success
0,15,40,linear,8,15,20,1,1,0.002,1.7239100933074951,0.8773966431617737,10.879323959350586,2.8941307336188196,4.4761765142789445,2.3466541035515127,Success
0,15,41,linear,8,15,50,1,1,0.002,1.9587756395339966,0.8959837555885315,12.754098892211914,2.9073900454577704,4.29460204460599,2.562189967314118,Success
0,15,42,linear,8,15,75,1,1,0.002,2.165403127670288,0.9191102981567383,14.2142972946167,2.4553945762248226,4.04584583837353,2.076514237818385,Success
0,15,43,linear,8,25,20,1,1,0.002,1.6348426342010498,0.8732444643974304,10.232047080993652,3.1517523722013774,4.55602046226658,2.633882078659901,Success
0,15,44,linear,8,25,50,1,1,0.002,1.8524339199066162,0.8911185264587402,12.136211395263672,2.8966171831370873,4.419485939442959,2.3972166769216603,Success
0,15,45,linear,8,25,75,1,1,0.002,2.082195997238159,0.9166393280029297,13.699943542480469,2.8874305300178715,4.274056254641437,2.529774183005104,Success
0,15,46,log,2,5,20,1,1,0.002,1.9074044227600098,0.8856526017189026,13.61977767944336,2.0735964315353015,3.796216248812272,1.7419981934855004,Success
0,15,47,log,2,5,50,1,1,0.002,2.06308650970459,0.908165454864502,14.368831634521484,2.205741087325642,3.8850601057177045,1.82864556684793,Success
0,15,48,log,2,5,75,1,1,0.002,2.1495463848114014,0.9201236963272095,14.747071266174316,2.1311950121590386,3.81235354471681,1.7949530549603292,Success
0,15,49,log,2,15,20,1,1,0.002,1.694881558418274,0.8692632913589478,10.830831527709961,2.9310620323539034,4.513450475067125,2.3607609832623755,Success
0,15,50,log,2,15,50,1,1,0.002,1.941758632659912,0.8926856517791748,12.709097862243652,2.785560840776455,4.259504684896698,2.4140798470455676,Success
0,15,51,log,2,15,75,1,1,0.002,2.1557514667510986,0.9165659546852112,14.148283958435059,2.443717004480629,4.040218264556338,2.0396767353971974,Success
0,15,52,log,2,25,20,1,1,0.002,1.628237009048462,0.8719024062156677,10.16023063659668,3.1683758090500067,4.567297842468648,2.640923613882278,Success
0,15,53,log,2,25,50,1,1,0.002,1.8436028957366943,0.8893660306930542,12.036433219909668,2.886464863059756,4.443272183857526,2.3774263917143714,Success
0,15,54,log,2,25,75,1,1,0.002,2.0674831867218018,0.9146579504013062,13.564719200134277,2.8466305589344305,4.286547333456723,2.45293705178512,Success
0,15,55,log,4,5,20,1,1,0.002,1.896953821182251,0.8875338435173035,13.179407119750977,2.2390749298398798,3.865912641209359,1.8657404743142265,Success
0,15,56,log,4,5,50,1,1,0.002,2.0466692447662354,0.9053153395652771,13.958754539489746,2.2011774418555285,3.87286034512562,1.7986484132926581,Success
0,15,57,log,4,5,75,1,1,0.002,2.127624750137329,0.9169079661369324,14.341535568237305,2.1198437973977255,3.77918387649218,1.749379089856497,Success
0,15,58,log,4,15,20,1,1,0.002,1.7087923288345337,0.8737884163856506,10.651673316955566,2.8211289157660837,4.433641475637187,2.2992242276368287,Success
0,15,59,log,4,15,50,1,1,0.002,1.938009262084961,0.8932439684867859,12.470022201538086,2.7034990457394827,4.265031307309989,2.2563107911256353,Success
0,15,60,log,4,15,75,1,1,0.002,2.155275344848633,0.9175437688827515,13.795768737792969,2.3495510548058967,4.03561574814146,1.9283179489333884,Success
0,15,61,log,4,25,20,1,1,0.002,1.6250696182250977,0.8717847466468811,10.10528564453125,3.230686398001129,4.569318143061861,2.7165581036705,Success
0,15,62,log,4,25,50,1,1,0.002,1.8367743492126465,0.8885409832000732,11.992936134338379,2.915175960107984,4.431841113771388,2.419165987673891,Success
0,15,63,log,4,25,75,1,1,0.002,2.062700033187866,0.91190105676651,13.498424530029297,2.925264780819381,4.284407966843506,2.5371873147787096,Success
0,15,64,log,5,5,20,1,1,0.002,1.8199543952941895,0.8697278499603271,12.76928424835205,2.3520772019475173,3.9172472049143736,1.9739846985824612,Success
0,15,65,log,5,5,50,1,1,0.002,2.0179686546325684,0.9063741564750671,13.538061141967773,2.1175764399740076,3.827461484067135,1.739006902997905,Success
0,15,66,log,5,5,75,1,1,0.002,2.122750997543335,0.9212679862976074,13.924310684204102,2.1785583703322415,3.830273940783485,1.7842667944070787,Success
0,15,67,log,5,15,20,1,1,0.002,1.6596882343292236,0.863233208656311,10.335119247436523,2.8304788202672224,4.444611350963088,2.276851894485746,Success
0,15,68,log,5,15,50,1,1,0.002,1.8972172737121582,0.8852085471153259,12.020901679992676,2.8355035795092705,4.330400066962926,2.3740139767492265,Success
0,15,69,log,5,15,75,1,1,0.002,2.1316158771514893,0.9153313636779785,13.284210205078125,2.3597479818894627,4.058745457291725,1.903574465900114,Success
0,15,70,log,5,25,20,1,1,0.002,1.6034672260284424,0.8683279156684875,9.940834045410156,3.1094162279694664,4.511791272887285,2.6005967900608966,Success
0,15,71,log,5,25,50,1,1,0.002,1.8104970455169678,0.8858100175857544,11.771201133728027,2.8455696814142484,4.387964140303947,2.37811640968939,Success
0,15,72,log,5,25,75,1,1,0.002,2.035120964050293,0.9119810461997986,13.240689277648926,2.8341651167475557,4.258271955195011,2.435028230742753,Success
0,15,73,log,6,5,20,1,1,0.002,1.8311183452606201,0.8747913241386414,12.668001174926758,2.4992799526320892,3.9692900486463514,2.142621003591165,Success
0,15,74,log,6,5,50,1,1,0.002,2.011357069015503,0.9042348265647888,13.456930160522461,2.1308985035634866,3.75361740367941,1.770812874216127,Success
0,15,75,log,6,5,75,1,1,0.002,2.1419758796691895,0.9198592901229858,13.845603942871094,2.2061919059003547,3.800762378744469,1.8254761399909378,Success
0,15,76,log,6,15,20,1,1,0.002,1.6556272506713867,0.8614006042480469,10.12797737121582,3.1148882950914314,4.437121547344508,2.7414029309937895,Success
0,15,77,log,6,15,50,1,1,0.002,1.8968732357025146,0.8763253092765808,11.784972190856934,2.7205969594111417,4.240698342340636,2.2927425602923077,Success
0,15,78,log,6,15,75,1,1,0.002,2.1211562156677246,0.9064637422561646,13.00712776184082,2.3375524579962277,3.9375673334153096,1.909892217183004,Success
0,15,79,log,6,25,20,1,1,0.002,1.6214252710342407,0.8693867921829224,9.925497055053711,3.2364795528454486,4.540573851026261,2.7520104283918276,Success
0,15,80,log,6,25,50,1,1,0.002,1.8361234664916992,0.8867763876914978,11.716547012329102,2.958633329504957,4.457115005835065,2.4518762710287305,Success
0,15,81,log,6,25,75,1,1,0.002,2.062779188156128,0.9126660227775574,13.141470909118652,2.90970718875125,4.294536031771476,2.512016763081257,Success
0,15,82,log,8,5,20,1,1,0.002,1.7946979999542236,0.8727768659591675,12.476853370666504,2.428067116441465,3.888041870559016,2.050326945643483,Success
0,15,83,log,8,5,50,1,1,0.002,1.9988958835601807,0.9053647518157959,13.249363899230957,2.1620960658220247,3.806917930246074,1.7973397355122946,Success
0,15,84,log,8,5,75,1,1,0.002,2.0991954803466797,0.9171582460403442,13.637146949768066,2.1245729831933904,3.7745000011193763,1.7677834110585569,Success
0,15,85,log,8,15,20,1,1,0.002,1.6245495080947876,0.8581865429878235,10.077401161193848,2.8246457399681386,4.324994511184557,2.374482061573156,Success
0,15,86,log,8,15,50,1,1,0.002,1.8707804679870605,0.8822169303894043,11.707381248474121,2.6633493875574152,4.250634895159902,2.155764058588738,Success
0,15,87,log,8,15,75,1,1,0.002,2.1203620433807373,0.9144214987754822,12.801032066345215,2.2795951025186016,4.013888317183358,1.824608603610595,Success
0,15,88,log,8,25,20,1,1,0.002,1.6086046695709229,0.8677145838737488,9.959396362304688,3.0896244111418567,4.5187127197799555,2.5370871899686462,Success
0,15,89,log,8,25,50,1,1,0.002,1.8225913047790527,0.8839312791824341,11.803150177001953,2.919582880843917,4.452839325981567,2.3838564085639558,Success
0,15,90,log,8,25,75,1,1,0.002,2.0526111125946045,0.9088512659072876,13.23848819732666,2.867260566712826,4.2462423042478425,2.4699227569929576,Success
0,15,91,mel,2,5,20,1,1,0.002,1.974531650543213,0.8897401094436646,13.663105010986328,2.260346942237934,3.8825852503744565,1.9010870691844044,Success
0,15,92,mel,2,5,50,1,1,0.002,2.1214306354522705,0.9117631912231445,14.351140975952148,2.3018699030736425,3.9795472063734487,1.898927035514566,Success
0,15,93,mel,2,5,75,1,1,0.002,2.1837973594665527,0.9215332269668579,14.694557189941406,2.2087201487524695,3.857459387037064,1.8669322204606018,Success
0,15,94,mel,2,15,20,1,1,0.002,1.707755446434021,0.8735862970352173,10.782872200012207,2.9608073323342103,4.5078150892191555,2.393444991633004,Success
0,15,95,mel,2,15,50,1,1,0.002,1.9291609525680542,0.8925521969795227,12.629990577697754,2.8992065940573397,4.322702631995291,2.508514732813225,Success
0,15,96,mel,2,15,75,1,1,0.002,2.1638259887695312,0.9154049754142761,14.079524040222168,2.512228989489101,4.079475566723491,2.1144900050873643,Success
0,15,97,mel,2,25,20,1,1,0.002,1.6310462951660156,0.8688415884971619,10.087038040161133,3.072150459239817,4.546544110406462,2.521280905618776,Success
0,15,98,mel,2,25,50,1,1,0.002,1.8484725952148438,0.8854271173477173,11.924537658691406,2.86184503620296,4.403410573356879,2.3482678379085296,Success
0,15,99,mel,2,25,75,1,1,0.002,2.0754830837249756,0.9122474193572998,13.427573204040527,2.8919983776918934,4.278887254063026,2.562087243786792,Success
0,15,100,mel,4,5,20,1,1,0.002,1.9511151313781738,0.8905230760574341,12.777539253234863,2.2002099540292193,3.957072729252108,1.7956081545544595,Success
0,15,101,mel,4,5,50,1,1,0.002,2.099712371826172,0.9111465811729431,13.501477241516113,2.2390483026449606,3.9277150261273497,1.8580131694177895,Success
0,15,102,mel,4,5,75,1,1,0.002,2.182605504989624,0.922808825969696,13.813665390014648,2.175904369786854,3.873421711122297,1.809645445111631,Success
0,15,103,mel,4,15,20,1,1,0.002,1.7216997146606445,0.8759199976921082,10.597330093383789,2.94557982686876,4.502308101051995,2.3907780982421585,Success
0,15,104,mel,4,15,50,1,1,0.002,1.9520142078399658,0.8938814401626587,12.337776184082031,2.992373884792288,4.366321180229369,2.6148941769695715,Success
0,15,105,mel,4,15,75,1,1,0.002,2.159952163696289,0.9172523021697998,13.629179954528809,2.558293995837371,4.1044189662786295,2.162090701742496,Success
0,15,106,mel,4,25,20,1,1,0.002,1.6336467266082764,0.8721026182174683,9.970556259155273,3.1919006265255523,4.56937872273124,2.7004992342480527,Success
0,15,107,mel,4,25,50,1,1,0.002,1.8489599227905273,0.8907448649406433,11.723956108093262,2.8648160250137145,4.424443383385289,2.352847522077225,Success
0,15,108,mel,4,25,75,1,1,0.002,2.073486566543579,0.9161240458488464,13.048412322998047,2.884833913613958,4.267070000574393,2.5399861499996366,Success
0,15,109,mel,5,5,20,1,1,0.002,1.9397059679031372,0.8884305357933044,13.077317237854004,2.341580336210682,4.004790106479468,1.9282918554988393,Success
0,15,110,mel,5,5,50,1,1,0.002,2.0778448581695557,0.9065191149711609,13.85926628112793,2.220217277656636,3.9759299503942347,1.8384016221330814,Success
0,15,111,mel,5,5,75,1,1,0.002,2.1570374965667725,0.9195038080215454,14.22514533996582,2.231000373004419,3.9447281531008915,1.8408954178265668,Success
0,15,112,mel,5,15,20,1,1,0.002,1.7197927236557007,0.876243531703949,10.66678524017334,2.831311429742104,4.4511982754049315,2.270007159497953,Success
0,15,113,mel,5,15,50,1,1,0.002,1.9489245414733887,0.89479660987854,12.536711692810059,2.914857341545121,4.279429141331344,2.592788487667963,Success
0,15,114,mel,5,15,75,1,1,0.002,2.1653215885162354,0.9183793067932129,13.918885231018066,2.5238926735087763,4.104239627806031,2.1223557192016584,Success
0,15,115,mel,5,25,20,1,1,0.002,1.630718469619751,0.872702956199646,10.155902862548828,3.154635771991167,4.583286654988227,2.6138120228133106,Success
0,15,116,mel,5,25,50,1,1,0.002,1.8488037586212158,0.8906716108322144,12.065106391906738,2.8834024432796745,4.423537033162224,2.365048669803929,Success
0,15,117,mel,5,25,75,1,1,0.002,2.077864170074463,0.9160739779472351,13.595792770385742,2.859689319279635,4.293217120559775,2.4519591016472773,Success
0,15,118,mel,6,5,20,1,1,0.002,1.9118742942810059,0.886887788772583,12.956857681274414,2.428674298825152,4.049097851021048,1.955207146348026,Success
0,15,119,mel,6,5,50,1,1,0.002,2.0476460456848145,0.9055929780006409,13.750555038452148,2.087209670759341,3.903611298135003,1.7009679826420936,Success
0,15,120,mel,6,5,75,1,1,0.002,2.1515109539031982,0.9165650606155396,14.15852165222168,2.1554244430565292,3.9271147266821096,1.77688896597619,Success
0,15,121,mel,6,15,20,1,1,0.002,1.7181651592254639,0.8767391443252563,10.667871475219727,3.0762133171893833,4.507443601671994,2.612100639213835,Success
0,15,122,mel,6,15,50,1,1,0.002,1.9525034427642822,0.8948656320571899,12.504999160766602,3.0350863068501597,4.335149705775744,2.7102163152535,Success
0,15,123,mel,6,15,75,1,1,0.002,2.1618542671203613,0.9184167981147766,13.86792278289795,2.478046231193162,4.045632236664595,2.086237198540502,Success
0,15,124,mel,6,25,20,1,1,0.002,1.632620096206665,0.8731987476348877,10.141877174377441,3.139085258679374,4.550734060918663,2.6416057901781813,Success
0,15,125,mel,6,25,50,1,1,0.002,1.8508169651031494,0.8907708525657654,12.050094604492188,2.9508646755770105,4.423638989594694,2.4872924156099976,Success
0,15,126,mel,6,25,75,1,1,0.002,2.0779905319213867,0.9160744547843933,13.553892135620117,2.9169001562199277,4.265236222411896,2.5854689013512218,Success
0,15,127,mel,8,5,20,1,1,0.002,1.849480390548706,0.8784787058830261,12.58531665802002,2.247258261003655,3.959449593356689,1.8497143077520637,Success
0,15,128,mel,8,5,50,1,1,0.002,2.0281178951263428,0.8944318294525146,13.537899017333984,2.192866383556818,3.9428617959256926,1.8001014009034246,Success
0,15,129,mel,8,5,75,1,1,0.002,2.1482956409454346,0.9138579368591309,13.86998176574707,2.2112146841332896,3.9869419712594976,1.8159410785209091,Success
0,15,130,mel,8,15,20,1,1,0.002,1.66910719871521,0.8701088428497314,10.015159606933594,2.75900303758706,4.459885082594206,2.1416974693973514,Success
0,15,131,mel,8,15,50,1,1,0.002,1.9143800735473633,0.889849066734314,11.81689739227295,2.9458612053437547,4.332082807498883,2.557713915445847,Success
0,15,132,mel,8,15,75,1,1,0.002,2.1387031078338623,0.9154897928237915,13.051931381225586,2.436185608900146,4.059163380434213,2.0462825312904513,Success
0,15,133,mel,8,25,20,1,1,0.002,1.6215870380401611,0.8709161877632141,9.736401557922363,3.099439911491762,4.569286091318591,2.5375000924925746,Success
0,15,134,mel,8,25,50,1,1,0.002,1.8368008136749268,0.8871426582336426,11.545970916748047,2.9523545695889735,4.450231581495217,2.43744798984207,Success
0,15,135,mel,8,25,75,1,1,0.002,2.0604100227355957,0.9122172594070435,12.988750457763672,2.7722133212313005,4.254305532321491,2.3453647613195323,Success
